municipality_code,households_total,population_2015,births_annual
01000,2476846,5381733,24430
01100,969161,1952356,
01101,141429,237627,1332
01102,139675,285321,1449
01103,131188,261912,1487
01104,108233,209584,1239
01105,118650,218652,1313
01106,62134,141190,550
01107,103849,213578,1357
01108,57289,127767,502
01109,61080,140999,665
01110,45634,115726,458
01202,121793,265979,947
01203,52817,121924,348
01204,156195,339605,1565
01205,41766,88564,343
01206,80349,174742,644
01207,80175,169327,902
01208,55188,121226,549
01209,3807,8843,10
01210,35584,84499,312
01211,17253,39077,143
01212,9816,22221,83
01213,80130,172737,891
01214,16060,36380,128
01215,9434,23035,42
01216,6055,14676,32
01217,53977,120636,575
01218,4494,11105,30
01219,11214,23109,81
01220,8184,19914,59
01221,12810,29048,140
01222,3816,9076,32
01223,11153,26917,103
01224,43809,95648,657
01225,18688,41192,164
01226,7599,17694,55
01227,1424,3585,14
01228,9198,21909,70
01229,9538,22936,110
01230,20928,49625,166
01231,30276,69702,354
01233,14844,34995,149
01234,24640,59064,235
01235,23102,57436,254
01236,18337,46390,186
01300,,20607,
01303,7281,17278,53
01304,1051,3329,12
01305,744,1927,
01306,599,1328,
01330,,92429,
01331,3196,7337,12
01332,1861,4422,9
01333,1868,4653,15
01334,1871,4547,10
01335,14441,36199,
01336,3896,10191,
01337,11568,28120,126
01339,966,2677,
01340,1148,2993,
01341,350,910,
01342,1863,5242,
01343,1619,4226,11
01344,1415,3843,
01345,6330,15946,34
01346,7519,17252,66
01347,2717,5926,22
01360,,37870,
01361,3542,8248,27
01362,2053,4876,15
01363,1654,4049,6
01364,1597,3906,7
01365,983,2422,
01366,672,1580,
01367,1215,2690,8
01368,792,1932,
01369,2070,4961,
01370,2192,5628,20
01371,3534,8473,22
01390,,93598,
01391,617,1499,6
01392,1340,3137,12
01393,1298,3082,17
01394,2081,4843,12
01395,2515,4958,25
01396,903,2103,17
01397,959,1907,9
01398,1130,2294,10
01399,1269,3187,15
01400,7631,15018,103
01401,2728,6224,31
01402,5750,13042,42
01403,813,1771,6
01404,401,1004,
01405,883,2115,4
01406,1282,3188,5
01407,1332,3498,13
01408,8283,19607,66
01409,621,1121,4
01420,,72722,
01421,845,2707,
01422,1940,5444,
01423,2980,7927,38
01424,2312,5674,21
01425,1479,3479,2
01427,2063,5314,18
01428,4091,11076,37
01429,4964,12344,42
01430,1320,4577,11
01431,777,1985,7
01432,2543,6831,26
01433,1201,3091,4
01434,982,2513,10
01436,926,2749,8
01437,737,1981,4
01438,1244,3181,13
01439,667,1525,
01450,,91955,
01452,2658,7018,29
01453,3840,10233,41
01454,2773,6689,29
01455,1570,3777,13
01456,1189,2976,11
01457,1913,4044,11
01458,3405,8111,43
01459,4213,10292,35
01460,4287,10826,63
01461,1977,5069,28
01462,1075,2555,6
01463,849,1211,1
01464,1429,3596,5
01465,1227,3228,13
01466,572,1332,
01467,1486,4002,
01468,1473,3547,16
01469,1912,4659,18
01470,347,832,2
01471,822,1767,4
01472,667,1525,3
01480,,25691,
01481,1878,4497,6
01482,1366,3336,7
01483,1347,3265,8
01484,3143,7327,13
01485,498,1217,4
01486,1200,2806,9
01487,1425,3243,12
01488,1225,2447,
01510,,31123,
01511,1238,2684,24
01512,1716,3881,17
01513,756,1757,10
01514,3515,8437,36
01515,718,1725,
01516,1951,4054,9
01517,1246,2773,13
01518,1037,2303,7
01519,1199,2787,7
01520,1225,2447,12
01540,,110130,
01541,862,2312,
01542,1888,5048,
01543,8309,20296,76
01544,2043,5008,13
01545,5349,12231,40
01546,1591,4221,9
01547,1966,5085,12
01548,1737,4886,
01549,1873,5100,11
01550,1202,3092,10
01551,2568,6381,
01552,2266,5362,22
01553,1476,3980,
01554,701,1896,
01555,8813,20873,67
01556,589,1471,
01557,302,690,
01558,2057,5031,
01559,3692,9231,40
01560,1201,2721,12
01561,1725,3909,12
01562,499,1116,4
01563,2052,4525,14
01564,2750,7360,22
01570,,55834,
01571,1774,4291,17
01572,3395,7648,
01573,635,1651,
01574,449,1370,
01575,1170,2922,11
01578,7688,17740,38
01579,1955,4737,
01580,1496,3411,
01581,1930,4838,24
01582,2539,5847,
01583,1108,2749,
01584,4030,9299,24
01585,3451,8148,23
01586,3647,8596,29
01600,,69015,
01601,5552,12378,48
01602,2288,5315,19
01603,4842,10875,
01604,2443,5592,18
01605,8619,19298,
01606,1557,3933,
01607,5936,13075,52
01608,1913,4518,20
01609,1822,4906,15
01610,10176,23231,86
01630,,174109,
01631,18362,44807,220
01632,2524,6132,30
01633,2350,4765,19
01634,2255,5542,35
01635,2883,6288,14
01636,4166,9599,37
01637,7257,18484,95
01638,1684,3966,21
01639,1311,3185,20
01640,695,1531,
01641,2593,5738,34
01642,2997,7030,17
01643,11029,26760,116
01644,2974,6882,16
01645,1355,3182,11
01646,3108,7358,20
01647,3097,6990,30
01648,1058,2482,4
01649,1991,4919,16
01660,,61774,
01661,8268,19833,110
01662,4021,9778,38
01663,2323,6061,27
01664,3248,7742,33
01665,3339,7758,26
01666,2259,4882,
01667,1109,2534,11
01668,3457,8068,20
01669,784,1935,
01690,,49704,
01691,6092,15273,76
01692,10577,23774,109
01693,2206,5242,22
01694,1958,5415,12
02000,511526,1308265,5696
02201,118483,287648,1278
02202,71022,177411,826
02203,95671,231257,1149
02204,11661,34284,141
02205,20908,55181,197
02206,25540,63429,280
02207,17252,40196,243
02208,24077,58493,226
02209,10823,33316,107
02210,10049,32106,153
02300,,22992,
02301,3796,11142,29
02302,1072,2978,
02303,1127,2756,4
02304,899,2896,7
02305,579,1577,
02306,707,1643,
02307,2358,6198,6
02320,,18555,
02321,3643,10126,16
02322,5051,15380,
02323,3047,8429,17
02324,1356,4301,
02325,770,1988,
02326,1806,5076,
02327,1190,3926,
02328,1420,4633,
02340,,1415,
02341,3385,10780,
02342,994,3288,
02343,437,1415,9
02360,,32638,
02361,4965,15179,87
02362,3228,9676,18
02363,2904,9492,
02364,6160,18213,
02365,6312,20100,
02366,1954,6130,
02367,2401,7783,31
02368,833,2514,
02380,,38514,
02381,4476,13935,47
02382,3018,8679,
02383,2767,8307,
02384,4256,13392,36
02385,751,2056,
02386,1103,2880,
02387,3870,11187,30
02400,,96904,
02401,5433,13524,31
02402,5447,15709,45
02403,3283,9000,
02404,1399,4263,
02405,3840,10423,60
02406,1813,4535,18
02407,2959,9035,
02408,5871,17955,72
02409,2279,7005,
02410,5975,15222,
02411,5194,10536,69
02412,9258,24222,191
02420,,15958,
02421,1469,3906,
02422,2625,6844,
02423,2090,5227,26
02424,2559,6607,21
02425,750,1976,1
02426,826,2148,10
02427,608,1523,
02440,,67968,
02441,3566,10135,39
02442,6059,17433,50
02443,1918,5554,19
02444,2468,7360,
02445,6263,18312,57
02446,5862,14025,48
02447,2104,6090,
02448,1736,5331,
02449,894,2873,
02450,788,2509,2
03000,492436,1279594,5432
03201,131110,297631,1596
03202,21289,56676,215
03203,14124,38058,126
03204,22318,56995,
03205,34724,97702,405
03206,38915,93511,499
03207,14122,35642,137
03208,9622,28062,93
03209,42232,121583,451
03210,7142,19758,61
03211,14725,36802,119
03212,9852,28864,
03213,10555,27611,99
03214,9152,26355,56
03215,42371,119422,458
03216,21709,55463,321
03300,,37017,
03301,5412,16981,44
03302,2349,6344,11
03303,4773,13692,39
03304,5536,15862,
03305,21709,55463,
03306,1980,5850,
03307,4100,12151,
03320,,60292,
03321,11368,32614,186
03322,10986,27678,143
03341,1667,5331,
03342,4457,14383,
03360,,5880,
03361,2740,8754,
03363,1051,2936,
03365,938,2944,
03366,1989,5880,7
03380,,15895,
03381,5923,15895,83
03382,4336,13788,
03383,4676,15547,
03384,1189,4228,
03400,,7868,
03401,4166,13222,
03402,2409,7868,25
03421,4506,13977,
03422,2483,8235,
03423,3737,11653,
03424,2069,6816,
03425,1577,5173,
03426,1129,3677,
03440,,5720,
03441,1981,5720,14
03442,1986,6296,
03460,,11759,
03461,4527,11759,36
03462,1349,4409,
03480,,31928,
03481,1036,3172,
03482,5642,15826,60
03483,3957,9841,20
03484,1233,3466,10
03485,1027,2795,9
03486,939,2852,
03487,952,2601,
03500,,36040,
03501,3274,9333,20
03502,4023,11434,
03503,1503,4149,16
03504,873,2525,
03505,1770,5259,
03506,1924,5865,8
03507,5793,16693,37
03520,,12919,
03521,1330,4066,
03523,1636,4643,
03524,4574,12919,28
04000,982523,2333899,12328
04100,525455,1082159,
04101,163122,310183,1655
04102,95772,194825,1263
04103,68527,133498,968
04104,105061,226855,1631
04105,92973,216798,1100
04202,56768,147214,610
04203,21193,54187,244
04204,31219,78437,
04205,24520,64988,201
04206,12518,35272,91
04207,29739,76668,549
04208,10276,30180,100
04209,26347,62096,447
04211,17251,44678,243
04212,25697,81959,317
04213,22697,69906,212
04214,14476,39503,224
04215,48893,133391,626
04216,18401,,313
04300,,13777,
04301,3924,12316,28
04302,524,1461,3
04320,,83991,
04321,9524,23798,116
04322,3770,11501,38
04323,15546,39525,182
04324,2967,9167,24
04340,,13972,
04341,4426,13972,26
04360,,45904,
04361,12181,33589,152
04362,4541,12315,44
04400,,68908,
04401,5017,14421,47
04404,6462,18652,75
04406,12538,35835,218
04420,,93908,
04421,11441,28244,196
04422,2483,8370,30
04423,18401,51591,
04424,1877,5703,25
04440,,30981,
04441,4426,12537,
04442,1828,6310,
04443,1387,4896,
04444,1965,7238,28
04445,7641,23743,86
04461,2043,6299,
04462,2540,7957,
04463,3956,12018,
04481,3602,11169,
04482,2362,6369,
04500,,41553,
04501,5452,16701,50
04502,3171,11142,
04503,6843,18996,
04504,1722,5856,
04505,8565,24852,91
04521,5098,14044,
04522,3964,12266,
04523,3454,10954,
04524,1231,3648,
04525,2256,7375,
04526,1405,4478,
04527,726,2436,
04528,1994,6883,
04529,2198,6751,
04530,371,1071,
04541,7536,21056,
04542,1476,4788,
04543,2033,6557,
04544,4992,15721,
04545,2033,6704,
04546,2584,9295,
04547,1454,5100,
04548,2586,9064,
04561,3416,11097,
04562,11664,31792,
04563,465,1021,
04564,6115,19670,
04565,2137,7460,
04566,2812,7711,
04567,691,2430,
04580,,6334,
04581,3166,6334,25
04582,1014,2448,
04600,,12370,
04601,2966,7954,
04602,1003,3674,
04603,3244,10017,
04604,1946,6276,
04605,1316,4416,
04606,4282,12370,50
05000,385187,1023119,3611
05201,136952,315814,1451
05202,21191,54730,145
05203,31109,92197,279
05204,28044,74175,235
05205,17195,43191,
05206,10492,28375,54
05207,15685,46613,118
05208,14136,35873,
05209,10978,32038,90
05210,28362,79927,319
05211,12287,33083,177
05212,28370,82783,307
05213,11799,33224,80
05214,8635,25324,73
05215,9252,27523,75
05300,,5339,
05303,2043,5339,14
05320,,2381,
05321,6732,18158,
05322,3240,9658,
05323,1993,5850,
05324,1052,2836,
05325,2084,6265,
05326,2022,6380,
05327,830,2381,3
05340,,27746,
05341,1659,4847,
05342,3227,8919,
05343,1312,3528,
05344,2173,6434,
05345,1908,5797,
05346,1126,3359,8
05347,1303,3781,
05348,5740,17078,30
05349,2615,7309,5
05360,,23639,
05361,3351,9463,14
05362,2433,7491,
05363,2144,6080,9
05364,1432,4207,
05365,8422,21385,
05366,1528,4986,8
05367,1828,5547,
05368,839,3110,12
05381,2918,8533,
05382,1836,7017,
05401,3652,10292,
05402,1355,4157,
05403,3628,10875,
05404,1436,4619,
05405,1830,5522,
05406,1335,4794,
05407,1832,6056,
05408,1399,4800,
05409,1070,3478,
05410,2265,7467,
05420,,20279,
05421,1617,5126,
05422,2548,8427,
05423,4328,12489,
05424,2050,6359,
05425,2784,9524,
05426,3517,10397,
05427,2160,6841,
05428,1101,3606,
05429,2215,7045,
05430,1407,4637,
05431,1809,6341,
05432,1999,7054,
05433,1950,6866,
05434,5999,20279,58
05441,2243,7053,
05442,3674,12515,
05443,2680,9130,
05444,1815,6327,
05445,4281,12607,
05446,1077,3426,
05447,1353,4805,
05460,,17929,
05461,2550,8374,
05462,2217,6996,
05463,4658,15319,44
05464,1158,2610,3
05465,597,2325,
06000,398015,1123891,5151
06201,102318,253832,1397
06202,33095,85953,378
06203,45666,129652,611
06204,39402,106244,430
06205,12857,36894,166
06206,13654,41256,259
06207,10537,31569,95
06208,7579,24684,84
06209,9486,27757,104
06210,22589,62194,404
06211,16573,47768,318
06212,4883,16953,46
06213,10760,32285,129
06300,,25732,
06301,4551,14369,66
06302,3515,11363,38
06320,,40179,
06321,5929,18952,59
06322,1686,5636,12
06323,2150,7119,19
06324,2543,8472,13
06340,,7357,
06341,2086,7357,14
06360,,41001,
06361,1572,5829,21
06362,2596,8902,20
06363,1580,5631,16
06364,2320,8137,17
06365,945,3412,6
06366,1193,4317,19
06367,1359,4773,12
06380,,39633,
06381,7358,23882,105
06382,4495,15751,45
06400,,29347,
06401,2810,7868,28
06402,4389,14175,36
06403,2125,7304,23
06420,,29394,
06421,1499,5302,
06422,5151,16364,
06423,2905,10216,
06424,2297,8529,
06425,2000,7244,
06426,2332,7728,41
06427,1118,4295,
06428,6650,21666,88
06441,2484,7550,
06460,,14207,
06461,4432,14207,32
06462,1714,5903,
06463,1306,4461,
06464,1895,6072,
07000,742911,1914039,9019
07201,121919,294247,1429
07202,49022,124062,597
07203,140441,335444,1884
07204,141411,350237,1638
07205,23763,61913,273
07206,21037,43938,
07207,27127,77441,394
07208,16049,49377,209
07209,13875,38556,156
07210,19384,58162,199
07211,12159,38503,131
07212,26349,57797,275
07213,21158,62400,229
07214,10571,30924,170
07300,,36235,
07301,4194,12271,38
07302,4249,11290,
07303,3123,9512,18
07304,5416,17238,
07305,7999,22587,
07306,2442,7467,
07307,1052,3818,
07308,4780,14452,48
07309,1802,5754,
07320,,8679,
07321,4161,11527,
07322,2874,8679,60
07323,8414,22916,
07324,2157,8008,
07325,2012,7355,
07326,1724,6513,
07340,,18097,
07341,1492,5392,
07342,4382,12486,81
07343,1416,5203,
07344,1671,5611,22
07360,,27149,
07361,3999,10860,
07362,1953,5800,10
07363,619,1732,
07364,228,615,3
07365,495,1392,
07366,781,2280,
07367,1634,4470,12
07368,5894,16264,50
07381,2252,7434,
07400,,28029,
07401,788,2606,
07402,1003,2831,5
07403,3000,9775,
07404,1001,3208,
07405,2352,6582,18
07406,534,1812,
07407,1079,3579,13
07408,4718,15037,43
07420,,23045,
07421,5306,16303,47
07422,976,3206,17
07423,1127,3536,9
07424,2527,8159,
07440,,26092,
07441,3776,12057,
07442,1760,5501,
07443,929,3355,
07444,644,1668,2
07445,878,2189,5
07446,626,1322,5
07447,6465,20913,70
07460,,49188,
07461,8092,20322,157
07462,1839,6314,
07463,1560,5316,
07464,2089,6495,21
07465,1520,5001,20
07466,6102,17370,75
07467,1115,4217,
07480,,32979,
07481,4728,14295,67
07482,1867,5950,16
07483,2935,9157,32
07484,1006,3577,10
07500,,41112,
07501,5214,15880,47
07502,1980,6777,29
07503,1953,6505,21
07504,2070,6577,23
07505,1610,5373,11
07520,,28779,
07521,5977,18304,67
07522,3398,10475,28
07523,1399,4622,
07524,1389,4588,
07525,744,1850,
07526,1627,5637,
07527,7000,21806,
07540,,7333,
07541,2899,4319,16
07542,1977,975,23
07543,1640,0,29
07544,934,2021,5
07545,800,0,52
07546,,0,18
07547,1405,0,54
07548,205,18,8
07560,,8259,
07561,2748,8218,23
07562,3693,13851,
07563,1619,8,
07564,627,41,7
08000,1184133,2916976,14898
08201,122598,270783,1820
08202,77911,185054,705
08203,63093,140804,731
08204,56149,140946,689
08205,28344,76020,305
08206,22968,60425,
08207,19328,51594,208
08208,32158,78342,315
08210,16407,43293,208
08211,22289,61483,239
08212,19243,52294,179
08214,11608,29638,83
08215,17042,44412,160
08216,28918,76739,313
08217,45447,106570,483
08218,14227,40345,
08219,35195,84317,382
08220,110490,226963,2094
08221,66754,155689,917
08222,28318,67879,360
08223,10774,29111,127
08224,27385,64753,495
08225,15643,42587,130
08226,20931,54276,287
08227,37491,104573,460
08228,18452,54087,179
08229,14552,42810,100
08230,15271,42147,129
08231,13453,42632,121
08232,40487,94522,606
08233,11144,34909,108
08234,17919,48147,179
08235,19971,49136,365
08236,18407,50911,265
08300,,69607,
08302,11758,32921,119
08303,5906,17296,
08304,9573,25327,
08305,5543,15139,
08306,4351,12166,
08307,1999,5767,
08308,1224,3635,
08309,6596,16886,53
08310,6913,19800,51
08321,14303,35746,
08322,5406,15183,
08323,563,1867,
08324,6382,19614,
08340,,37713,
08341,15429,37713,250
08342,18138,46318,
08343,2793,7958,
08344,9792,25616,
08345,2285,6374,
08346,1137,3434,
08347,1205,3528,
08360,,18053,
08361,3468,9936,
08362,1652,4598,
08363,1105,3239,
08364,6356,18053,23
08381,5136,14087,
08401,4079,11051,
08402,9403,25923,
08403,4437,11173,
08406,26489,56952,
08407,13998,37570,
08421,4264,13541,
08422,1651,5233,
08423,9123,23878,
08424,2835,9086,
08425,4045,12282,
08440,,72545,
08441,6416,16896,
08442,5864,15842,51
08443,20225,47535,345
08445,9650,23738,
08446,2895,8653,
08447,2895,9168,22
08448,1735,5964,
08449,3506,11297,
08461,5182,15513,
08462,2928,8288,
08463,8583,26676,
08464,10089,26634,
08465,2792,8272,
08482,10658,26709,
08483,9313,22427,
08501,4549,14042,
08502,5127,15076,
08503,5204,16668,
08504,1867,6350,
08505,4847,15030,
08520,,22021,
08521,7017,22021,70
08522,3064,9078,
08523,8418,23137,
08540,,33303,
08541,19652,49130,
08542,2928,8786,20
08543,12848,35643,
08544,4225,13742,
08546,8722,24517,121
08560,,16313,
08561,27385,64753,
08563,12077,31694,
08564,6258,16313,31
09000,796923,1974255,9958
09201,230841,518594,3186
09202,61617,149452,581
09203,60918,159211,677
09204,48121,118919,593
09205,36098,98374,491
09206,32308,83386,248
09207,21808,58295,
09208,69624,166760,1003
09209,29425,79539,426
09210,29792,75457,331
09211,12012,33354,122
09212,24258,60982,
09213,47454,117146,601
09214,16370,44901,250
09215,9186,27047,57
09216,23497,59431,375
09300,,31046,
09301,11544,31046,185
09302,7740,19764,
09303,3483,9641,
09304,13359,34903,
09321,2054,6168,
09322,2776,8541,
09323,882,2178,
09340,,63378,
09341,4999,15100,
09342,7813,23281,78
09343,4458,13188,24
09344,4260,11720,48
09345,5230,15189,90
09360,,65243,
09361,15894,39951,167
09362,8294,21024,
09363,7463,18643,
09364,9841,25292,116
09365,11413,29358,
09366,5405,15652,
09367,6253,17354,
09368,4555,12670,
09380,,41134,
09382,562,1265,
09383,3931,8632,
09384,3623,11495,26
09385,12847,33187,
09386,12205,29639,192
09387,3523,11714,
09400,,41883,
09401,3689,11003,
09402,5497,16044,
09403,3570,10882,
09404,2112,6082,
09405,1331,4360,
09406,3806,13438,
09407,9110,24919,56
09409,20392,48722,
09410,2804,7442,
09411,5682,16964,35
09421,10169,26744,
09422,3331,9520,
10000,805252,1973115,9950
10201,141882,336154,1817
10202,160981,370884,2324
10203,44971,114714,362
10204,86200,208814,1275
10205,92531,219807,1245
10206,18853,48676,174
10207,31643,76667,311
10208,29114,78391,308
10209,25362,65708,279
10210,18514,49746,158
10211,22093,58531,211
10212,19443,50906,255
10301,3021,9404,
10302,3336,10240,
10303,8171,22428,
10304,6673,17849,
10305,2564,7755,
10306,3750,10606,
10307,5720,16254,
10308,661,1966,
10309,805,2077,
10321,7122,19976,
10322,1282,3544,
10323,7532,20486,
10324,16921,40970,
10340,,35409,
10341,3992,11350,
10342,543,1548,
10343,1361,2865,
10344,5116,14329,94
10345,7863,21080,193
10360,,3184,
10361,5340,12303,
10362,2020,5455,
10363,9182,23864,
10364,583,1391,
10365,244,563,
10366,552,1230,8
10367,827,1954,2
10380,,22743,
10381,1398,4026,
10382,2808,7564,10
10383,801,1979,4
10384,4660,13200,47
10401,4956,13703,
10420,,56391,
10421,6352,16850,55
10422,646,1962,
10423,4498,12071,
10424,2191,5536,14
10425,3532,9780,36
10426,3229,6518,23
10427,515,1348,
10428,1165,3674,10
10429,5144,14033,37
10440,,34731,
10441,1293,3568,
10442,1358,3887,
10443,1574,4390,11
10444,997,3647,12
10445,3304,9383,
10446,1707,4176,
10447,1948,5788,
10448,2601,7347,27
10449,6959,19347,50
10460,,36654,
10461,8791,23040,
10462,9999,25275,
10463,11466,28904,
10464,14932,36654,199
10481,5290,13518,
10482,10878,29047,
10483,8410,21200,
10484,11347,29653,
10501,7291,19176,
10520,,105005,
10521,5428,15015,28
10522,4089,11044,34
10523,4074,11318,43
10524,19043,41202,195
10525,9728,26426,99
11000,3162743,7266534,42108
11100,582475,1263979,
11101,38197,87146,723
11102,66563,143446,976
11103,55188,113864,981
11104,70603,161960,1044
11105,47770,98762,773
11106,46374,97910,541
11107,74499,154416,1276
11108,86081,180152,1461
11109,50836,116522,1024
11110,46364,109801,590
11201,153376,350745,2005
11202,80153,198742,909
11203,267141,578112,3497
11204,258217,549873,
11205,230124,505543,
11206,31876,82113,379
11207,23922,63555,258
11208,152652,340386,1891
11209,33563,80715,361
11210,44295,112229,532
11211,33033,77881,396
11212,39797,91437,508
11213,46364,109801,
11214,97638,232709,1110
11215,63776,152405,742
11216,21159,54874,236
11217,47499,118072,605
11218,55854,143811,755
11219,96559,225196,1356
11220,47770,98762,
11221,111923,247034,1421
11222,142774,337498,2058
11223,36827,72260,405
11224,64319,136150,1050
11225,61222,148390,648
11226,28355,62141,
11227,62663,136299,1086
11228,32730,72676,459
11229,39889,80826,607
11230,73686,162122,992
11231,30918,73936,370
11232,62578,152311,674
11233,27403,67409,308
11234,42183,86717,680
11235,50979,108102,783
11236,28139,59754,
11237,60829,136521,831
11238,25474,62380,324
11239,44555,101679,403
11240,20851,52524,159
11241,30537,70255,396
11242,22379,56520,216
11243,27901,69738,418
11245,49395,110970,601
11246,20513,51535,342
11300,,44442,
11301,17812,44442,243
11304,11696,28096,
11320,,87447,
11322,21256,51216,
11324,15035,38456,161
11326,15764,37275,101
11327,4587,11716,41
11330,706,1858,
11340,,133980,
11341,7650,18212,132
11342,7421,18341,70
11343,11781,31178,72
11344,2393,6569,
11345,1808,4923,
11346,7269,20788,42
11347,6864,19631,60
11348,5399,14338,35
11349,4201,11492,24
11360,,41008,
11361,3080,8519,40
11362,3584,10133,30
11363,2605,7324,17
11364,1640,4742,
11365,4170,12117,20
11366,792,2366,
11367,295,788,
11368,1774,5175,
11369,990,2915,2
11380,,55502,
11381,3854,11207,48
11382,7971,20604,
11383,5220,13730,44
11384,355,990,
11385,11856,30565,140
11400,,34081,
11401,2961,8479,
11402,4665,13097,
11403,9139,24875,
11405,6831,18379,
11406,4274,12107,
11407,4901,12979,
11408,13287,34081,149
11421,7213,19518,
11422,1239,3672,
11423,3055,8624,
11424,4348,11607,
11425,5332,13515,
11440,,33705,
11442,14572,33705,184
11445,20513,51535,
11446,7571,19636,
11460,,75556,
11461,10782,26610,
11462,15451,37923,
11464,17706,45495,189
11465,10740,30061,104
11468,13921,36401,
12000,2773840,6222666,35658
12100,447982,971882,
12101,109336,205070,1444
12102,81123,179200,960
12103,74796,160968,848
12104,64840,151078,717
12105,50996,126848,889
12106,66891,148718,712
12202,25544,64415,105
12203,242970,481732,3326
12204,289916,622890,3937
12205,20272,47464,203
12206,58387,134141,848
12207,231195,483480,2867
12208,63581,153583,723
12209,14810,40775,
12210,37120,89688,378
12211,60231,131190,689
12212,70279,172739,690
12213,25403,60652,233
12214,10160,28915,
12215,24299,66586,370
12216,79423,167909,1109
12217,188022,413954,2881
12218,8192,19248,31
12219,117997,274656,1346
12220,83115,174373,1991
12221,85158,193152,1270
12222,56311,131606,672
12223,14578,33932,125
12224,47146,108917,579
12225,35266,86033,389
12226,17830,45601,119
12227,80321,164024,966
12228,38456,89245,617
12229,25430,60952,466
12230,27942,70734,206
12231,38349,92670,906
12232,24141,61674,272
12233,21885,49636,266
12234,14720,39033,89
12235,12883,37261,111
12236,27572,77499,224
12237,19403,52222,144
12238,14484,38594,124
12239,19558,49184,200
12303,9959,26659,
12305,20648,52486,
12320,,42183,
12322,9375,20955,77
12324,21885,49636,
12325,4675,13695,
12326,24141,61674,
12328,2816,8488,
12329,8276,21228,70
12340,,35009,
12341,2367,6760,
12342,2289,6133,25
12343,3899,11437,
12344,8356,22746,
12345,2924,9516,
12346,1482,4462,
12347,5079,14724,52
12348,1996,6854,
12349,4611,14152,43
12361,3698,10726,
12362,3306,9398,
12381,3548,10585,
12382,2723,8346,
12400,,47703,
12402,19558,49184,
12403,6181,16510,30
12404,8356,21944,
12405,6289,16731,
12406,1319,4017,
12407,3439,9530,
12408,4726,13177,
12409,2513,7431,24
12410,8274,23762,74
12420,,60040,
12421,4984,11767,58
12422,2467,7222,22
12423,5613,14359,41
12424,4137,11149,31
12426,2517,7337,12
12427,2636,8206,19
12440,,17158,
12441,3401,9843,20
12442,2306,6772,
12443,3092,7315,11
12444,6871,18017,
12445,5307,13805,
12460,,8022,
12461,1655,4684,
12462,1935,5177,
12463,3034,8022,7
12464,1415,4363,
12465,1963,4657,
12466,4209,10563,
12467,1790,4830,
12468,1753,4759,
12472,2285,5942,
13000,7227180,13515271,86348
13100,5215850,9272740,
13101,37011,58406,575
13102,92533,141183,1751
13103,146160,243283,2355
13104,222800,333560,1992
13105,133661,219724,1820
13106,124345,198073,1433
13107,145768,256274,2123
13108,264278,498109,3582
13109,237641,386855,3093
13110,155715,277622,1949
13111,400164,717082,4548
13112,492065,903346,5906
13113,149967,224533,1608
13114,208093,328215,2092
13115,336339,563997,3675
13116,183819,291167,1675
13117,189700,341076,2257
13118,112009,212264,1442
13119,314446,561916,3220
13120,374842,721722,4880
13121,345346,670122,3761
13122,215948,442913,2613
13123,333200,681298,4110
13201,267020,577513,2624
13202,89727,176295,1102
13203,78054,144730,1010
13204,96389,186936,1141
13205,56523,137381,539
13206,123931,260274,1509
13207,52163,111539,691
13208,120945,229061,1590
13209,192015,432348,2221
13210,63182,121396,896
13211,91287,190005,1227
13212,90404,186283,1190
13213,68478,149956,833
13214,63962,122742,872
13215,38275,73655,402
13216,42529,90008,
13217,54489,110004,
13218,28148,58395,288
13219,42616,80249,474
13220,36336,85157,488
13221,35003,74864,407
13222,51217,116632,618
13223,29978,71229,322
13224,68415,146631,633
13225,39906,87636,636
13227,23809,55833,277
13228,31887,80954,383
13229,97018,200012,1214
13300,,58334,
13303,13017,33445,126
13305,6012,17446,53
13307,835,2209,5
13308,1984,5234,14
13360,,12861,
13361,3712,7884,20
13362,193,337,
13363,1163,2749,8
13364,808,1891,8
13380,,2817,
13381,1377,2482,11
13382,187,335,2
13400,,7791,
13401,3767,7613,30
13402,118,178,1
13420,,3022,
13421,1469,3022,23
14000,4223706,9126214,53991
14100,1753081,3724844,
14101,145586,285356,1665
14102,129183,238966,1502
14103,57054,98532,726
14104,85108,148312,680
14105,103719,194827,903
14106,99126,205493,1055
14107,78731,166229,920
14108,89869,202229,894
14109,175521,344172,2852
14110,122053,275283,1827
14111,95526,215736,1295
14112,107049,247144,1263
14113,79411,180366,1134
14114,52414,124560,730
14115,52592,122171,684
14116,62847,154025,879
14117,132819,309692,1763
14118,84473,211751,1418
14130,747452,1475213,
14131,123515,223378,1242
14132,80088,160890,1389
14133,134763,247529,2256
14134,113791,228141,1699
14135,113583,214158,1756
14136,102317,225594,1612
14137,79395,175523,1041
14150,332770,720780,
14151,74962,173612,814
14152,124877,269888,1432
14153,132931,277280,1620
14201,165473,406586,1607
14203,112191,258227,1296
14204,75722,173019,810
14205,193204,423894,2903
14206,81864,194086,927
14207,102532,239348,1439
14208,24869,57425,267
14209,306501,653904,
14210,17210,45289,121
14211,70478,167378,668
14212,100360,225714,1160
14213,110519,232922,1703
14214,45361,101514,519
14215,58339,130190,985
14216,60257,128737,701
14217,16285,43306,135
14218,34879,84460,447
14300,,32096,
14301,12932,32096,133
14320,,47936,
14321,19862,47936,293
14340,,59928,
14341,12706,31550,134
14342,11552,28378,99
14360,,65620,
14361,3436,9679,23
14362,6683,17033,115
14363,4572,11171,47
14364,3936,10724,28
14366,6936,17013,134
14380,,44145,
14382,6360,11786,26
14383,2963,7333,13
14384,10696,25026,60
14400,,43557,
14401,17099,40343,142
14402,1127,3214,5
14421,9581,23366,
14422,10109,25569,
14423,3349,8582,
14424,3230,9359,
15000,864750,2304264,10916
15100,331272,810157,
15101,27418,76328,350
15102,57491,137577,795
15103,90860,183767,1098
15104,24891,68906,450
15105,28003,76843,393
15106,14922,45685,203
15107,69006,162833,906
15108,18681,58218,234
15201,224057,505513,
15202,104489,275133,1432
15204,34000,99192,415
15205,33904,86833,319
15206,35191,98611,492
15207,24813,67478,
15208,12113,36498,145
15209,9396,27852,84
15210,18012,54917,190
15211,14136,40608,219
15212,21549,62442,195
15213,28522,79784,427
15215,6074,18761,
15216,16442,44162,132
15217,11306,33199,126
15218,17021,51404,196
15219,4880,13107,
15220,12505,37581,
15221,17626,48999,
15222,72850,196987,954
15223,13484,43415,194
15224,21261,57255,186
15225,12703,37352,140
15226,19576,58568,274
15227,10305,30198,96
15300,,14040,
15301,2900,9644,
15302,2100,7102,
15303,6255,19009,
15304,2229,7660,
15306,2698,8916,
15307,4804,14040,110
15308,1839,6119,
15309,2059,7114,
15310,8812,24856,
15311,1493,5342,
15321,3190,9365,
15322,5464,17147,
15323,4108,11914,
15324,13728,35545,
15340,,8209,
15341,2769,8873,
15342,2605,8209,17
15343,4486,13782,
15344,8386,23671,
15345,9355,27254,
15346,3590,11323,
15347,10016,26980,
15348,1299,4499,
15349,1485,5579,
15350,1118,3605,
15351,1613,5649,
15360,,12188,
15361,3990,12188,33
15362,2594,9464,
15363,2972,10893,
15364,3458,11525,
15380,,11680,
15381,1496,3987,
15382,702,1946,
15383,816,2492,
15384,1047,3255,
15385,4061,11680,18
15400,,4528,
15401,4332,13822,
15402,2187,7100,
15403,2072,6454,
15404,1213,4107,
15405,1535,4528,9
15406,2885,9701,
15421,358,1002,
15441,1336,4477,
15442,2473,7941,
15443,4123,11166,
15444,2165,5858,
15445,2312,7515,
15446,1167,3515,
15447,463,1357,
15460,,8046,
15461,3583,8046,29
15462,5743,17931,
15463,9028,26359,
15464,4805,14278,
15480,,10029,
15481,1997,6581,
15482,3119,10029,23
15483,1518,5199,
15500,,4775,
15501,531,1504,
15502,1743,5468,
15504,1595,4775,16
15505,1853,5521,
15521,863,2491,
15522,1051,3466,
15523,1145,3224,
15524,725,2173,
15525,513,1613,
15526,643,2001,
15541,3196,9837,
15542,3295,9475,
15543,3221,9267,
15544,1279,4234,
15545,1642,4765,
15546,1237,3867,
15547,1243,3810,
15548,2026,6831,
15549,820,2780,
15550,1686,5625,
15561,805,2609,
15562,2888,8542,
15563,3055,8332,
15580,,6202,
15581,1756,5832,15
15582,3564,10231,
15583,2621,8782,
15584,2814,9617,
15585,1985,5803,
15586,170,370,1
15601,2532,6789,
15602,3777,8788,
15603,2590,6565,
15604,1348,3762,
15605,1577,4388,
15606,1680,5052,
15607,1063,2964,
15608,1064,3403,
15609,750,2437,
16000,403989,1066328,5512
16201,171917,418686,2460
16202,65586,172125,857
16203,11828,33251,
16204,15800,42935,186
16205,15759,47992,151
16206,12115,32755,193
16207,15238,40991,229
16208,17147,49000,267
16209,9726,30399,163
16210,16483,51327,186
16211,33812,92308,491
16301,7683,21582,
16302,3416,10300,
16320,,50229,
16321,1051,2982,32
16322,7256,20930,66
16323,9047,26317,130
16340,,37581,
16341,1887,5311,
16342,8699,25335,62
16343,4353,12246,39
16361,6591,19824,
16362,14709,40778,
16363,400,1612,
16364,427,1342,
16381,13432,33625,
16382,4147,12718,
16383,579,1861,
16384,3826,10853,
16401,2771,8592,
16402,305,980,
16403,193,639,
16404,232,537,
16405,1924,6047,
16406,2745,8541,
16407,326,1181,
16408,4332,13658,
16421,5579,17199,
16422,4325,12811,
17000,469910,1154008,6757
17201,207520,465699,2829
17202,20328,55325,215
17203,41312,106919,702
17204,10208,27216,70
17205,5517,14625,29
17206,25261,67186,274
17207,8046,21729,95
17208,26566,69276,
17209,12528,34219,299
17210,40958,109287,742
17211,18192,48881,351
17212,26200,55099,509
17301,2902,7773,
17320,,6347,
17321,5765,15871,
17322,6135,17158,
17323,6292,15852,
17324,1915,6347,37
17342,4423,12424,
17343,8012,21819,
17344,26200,55099,
17345,355,961,
17346,367,1057,
17347,770,2508,
17348,185,418,
17349,280,824,
17360,,63955,
17361,13399,36968,262
17362,3512,10083,
17363,4528,11756,
17364,4488,12380,
17365,10802,26987,120
17380,,33596,
17382,2608,7076,
17383,1998,5778,
17384,7447,20422,54
17385,2430,7396,
17386,4428,13174,31
17400,,17571,
17401,1653,5024,
17402,1824,5182,
17403,1907,5820,
17404,2792,7969,
17405,862,2725,
17406,1487,4420,
17407,6103,17571,73
17421,3288,8786,
17422,2313,5739,
17423,3175,8250,
17424,1128,3477,
17441,2155,5841,
17460,,26354,
17461,3288,8786,24
17463,6458,17568,41
18000,291662,786740,4563
18201,104470,265904,1744
18202,27849,66165,358
18203,26118,69819,
18204,12082,29670,152
18205,10868,33109,110
18206,7524,24125,91
18207,23915,68284,509
18208,9933,28729,139
18209,29634,81524,478
18210,31067,90280,527
18302,1234,4097,
18320,,19883,
18321,4581,11160,
18322,7285,19883,97
18323,877,3003,
18342,377,471,
18361,7420,21057,
18362,4229,11848,
18363,5704,16881,
18364,10718,31806,
18365,9094,24596,
18366,3835,12821,
18380,,2638,
18381,3516,11705,
18382,948,2638,5
18400,,10799,
18401,1496,5306,
18402,1216,3836,
18403,554,1657,
18404,3266,10799,36
18420,,21538,
18421,2689,8973,
18422,1046,3608,
18423,6581,21538,100
18424,429,1252,
18425,1303,4415,
18426,2807,9585,
18440,,9914,
18441,2555,7812,
18442,3745,9914,47
18461,2275,7445,
18462,829,2313,
18480,,18921,
18481,4500,10596,63
18482,2336,6012,
18483,3165,8325,43
18500,,15257,
18501,4830,15257,64
19000,338853,834930,4397
19201,87019,193125,1070
19202,18337,49003,239
19203,7972,22122,
19204,14044,32002,128
19205,13001,35141,134
19206,9254,25419,61
19207,11552,30680,136
19208,26059,70828,475
19209,18893,45111,141
19210,31039,74386,560
19211,26916,69559,435
19212,9509,24805,60
19213,11152,31671,139
19214,13552,31124,151
19301,2980,7397,
19302,1650,4543,
19303,304,860,
19304,2770,8370,
19305,410,1179,
19321,11735,27395,
19322,4174,11649,
19323,3665,10321,
19324,2695,8139,
19325,1514,4297,
19326,1763,4968,
19327,153,361,
19328,1212,3338,
19340,,15673,
19341,103,241,
19342,1317,3688,
19343,3400,9038,
19344,1086,2947,
19345,1308,3465,
19346,5803,15673,47
19360,,37098,
19361,4445,11851,
19362,1193,3443,
19363,1179,3260,
19364,675,1068,2
19365,4588,12669,24
19366,2819,8067,15
19367,1106,3125,
19368,5638,15294,60
19380,,19505,
19381,16692,39447,
19382,8085,19129,
19383,5559,11434,
19384,9117,19505,180
19385,6781,16352,
19386,2685,7158,
19387,7168,19409,
19388,109,328,
19389,4705,12818,
19390,6747,18663,
19391,4645,12452,
19401,6262,15810,
19402,1675,4418,
19403,2339,5908,
19404,3739,9070,
19405,3758,8897,
19406,2132,4621,
19407,2560,5675,
19408,1494,3514,
19409,1196,3008,
19420,,48511,
19421,533,1677,
19422,613,1743,6
19423,1484,4342,17
19424,3489,8968,107
19425,1969,5208,27
19426,8744,20266,
19427,1019,2675,
19428,503,1400,
19429,1056,2921,12
19430,10653,25329,166
19440,,1289,
19441,8976,23128,
19442,339,726,3
19443,283,563,2
20000,832097,2098804,11125
20201,156975,377598,2147
20202,104934,243293,1406
20203,64296,156827,869
20204,19274,50128,210
20205,38903,101581,627
20206,20776,50140,270
20207,18839,50725,269
20208,16831,42512,203
20209,26238,68271,384
20210,12956,32759,173
20211,15799,43909,199
20212,10739,28041,104
20213,7251,21438,59
20214,23848,55912,304
20215,27997,67135,413
20216,13312,37137,
20217,39924,99368,573
20218,22023,60298,325
20219,11260,30107,152
20220,36491,95282,545
20300,,25693,
20301,5008,13698,
20302,2561,7351,
20303,1788,4713,16
20304,1257,4607,20
20305,1075,3408,12
20306,406,1005,
20307,342,774,6
20308,1361,3835,
20309,3922,11186,42
20320,,41443,
20321,8586,18994,97
20322,3055,8828,
20323,6711,15184,88
20324,2606,7265,23
20325,2192,5971,
20326,1733,4966,
20340,,10509,
20341,8172,22244,
20342,1662,4306,
20343,9527,25141,
20345,3469,9918,
20346,1227,3473,
20347,656,1860,
20349,1553,4343,21
20350,2318,6166,13
20360,,42295,
20361,7847,20236,81
20362,5610,14493,62
20363,2895,7566,38
20380,,83275,
20381,2008,5643,
20382,7258,19770,81
20383,9504,25241,148
20384,3391,9530,38
20385,6445,15063,144
20386,1614,4850,24
20387,581,1737,
20388,3279,8821,45
20400,,60619,
20402,4428,13167,76
20403,4453,13080,79
20404,1611,4962,5
20406,213,573,
20407,2152,6538,19
20408,209,550,
20409,196,484,
20410,383,970,2
20411,1160,3851,23
20412,279,575,1
20413,563,1365,4
20414,595,1702,8
20415,2036,6310,27
20416,2122,6592,51
20417,532,1023,3
20418,178,413,
20419,568,1475,
20420,,28399,
20421,2677,6470,
20422,1785,4670,9
20423,1630,4313,16
20424,910,2506,
20425,1013,2926,15
20426,889,2354,
20427,630,1636,
20428,484,1366,
20429,371,839,
20430,1477,3825,11
20431,576,1723,
20432,4680,11826,32
20440,,22218,
20441,2856,8285,
20443,1594,4629,
20444,624,1731,
20445,635,1712,
20446,971,2788,10
20447,428,1287,
20448,665,1843,8
20449,5591,15274,
20450,3012,8395,40
20451,1474,4462,26
20452,1687,4730,10
20461,11015,27524,
20462,12797,32480,
20463,271,679,
20464,876,1936,
20465,4242,12548,
20466,6631,18043,
20467,3192,8950,
20480,,31707,
20481,3543,9926,20
20482,3577,9948,43
20483,308,848,
20484,355,935,
20485,3709,8929,49
20486,1145,2904,11
20501,2165,5789,
20502,428,960,
20520,,14871,
20521,5461,14871,61
20522,6546,17372,
20540,,17735,
20541,3680,10702,57
20543,2321,7033,18
20560,,20566,
20561,4419,12429,48
20562,1567,4658,13
20563,1153,3479,15
20580,,22197,
20581,1543,4135,
20582,3031,9609,
20583,3062,8469,26
20584,2299,6569,
20585,1468,4494,
20586,1267,3499,
20587,546,1393,
20588,965,2665,6
20589,698,1917,
20590,3767,11063,45
20600,,1953,
20601,1237,4241,
20602,692,1953,7
21000,780730,2031903,10469
21201,173386,406735,2378
21202,62277,159879,973
21203,32748,89182,496
21204,42656,110441,484
21205,33438,89153,400
21206,29690,78883,349
21207,7452,20760,66
21208,14521,38730,181
21209,24842,67337,350
21210,18158,51073,164
21211,21880,55384,359
21212,21359,57827,254
21213,57129,144690,858
21214,39996,98695,505
21215,9511,27114,111
21216,22502,54354,501
21217,8196,24696,91
21218,11720,33995,156
21219,14562,42090,165
21220,11686,33585,108
21221,11600,35206,90
21300,,47372,
21301,4160,11205,
21302,10585,24622,257
21303,8595,22750,128
21304,5637,13649,
21321,4237,12967,
21322,2333,7122,
21323,5030,15117,
21340,,29029,
21341,9405,29029,77
21342,1762,5569,
21360,,34975,
21361,9580,27556,125
21362,2507,7419,12
21380,,44007,
21381,6810,19282,90
21382,3439,9973,41
21383,5013,14752,52
21384,1696,4655,
21400,,69303,
21401,7067,21503,53
21402,937,3042,
21403,7547,23453,81
21404,8395,24347,76
21405,366,932,
21406,306,867,
21407,99,239,
21408,150,350,
21420,,18169,
21421,7418,18169,148
21422,2587,7650,
21423,17733,40734,
21424,4769,13620,
21425,4433,13300,
21426,4152,11660,
21427,548,1385,
21441,6151,17336,
21442,1023,3229,
21443,2337,6549,
21461,634,1930,
21462,444,1116,
21463,1898,6023,
21464,1064,3281,
21465,567,1605,
21481,5043,13625,
21482,2148,6459,
21483,3838,11131,
21484,1076,3065,
21485,1281,4395,
21486,520,1670,
21487,656,1745,
21500,,49519,
21501,3200,8202,60
21502,1967,5564,33
21503,3702,10197,47
21504,1312,3876,6
21505,3879,11027,32
21506,2872,8392,16
21507,780,2261,10
21520,,18111,
21521,6768,18111,75
21523,512,1329,
21541,3668,9648,
21561,1582,4690,
21562,274,799,
21563,904,2815,
21564,1758,5725,
21565,2155,6529,
21566,1004,3234,
21567,1699,5058,
21568,1390,4232,
21569,1838,5489,
21570,281,786,
21571,648,1960,
21581,3440,10687,
21582,1073,3166,
21583,4542,12378,
21584,2256,6178,
21585,375,1176,
21600,,1609,
21601,1243,4251,
21602,774,2363,
21603,399,1240,
21604,580,1609,11
21605,760,2484,
21606,997,3539,
21607,523,1652,
21608,154,338,
21621,4597,14594,
21622,2352,7743,
21623,281,1017,
21624,214,680,
21625,3104,8405,
21626,1193,3254,
22000,1483472,3700305,18969
22100,297421,704989,
22101,105124,253593,1330
22102,96437,212419,1261
22103,95860,238977,1029
22130,320749,797980,
22131,108259,237443,1416
22132,52387,128555,891
22133,39828,111353,527
22134,40191,100870,629
22135,34023,93567,458
22136,35421,95900,577
22137,10640,30292,63
22201,201561,466012,
22202,248387,596716,
22203,83438,195633,827
22204,88844,219374,
22205,18440,37544,74
22206,46106,110046,538
22207,51425,130770,592
22208,30820,68345,204
22209,35395,98112,504
22210,97333,248399,1348
22211,65059,167210,849
22212,53243,139462,719
22213,43770,114602,685
22214,53974,143605,720
22215,33529,88078,515
22216,34072,85789,618
22217,6462,19155,
22218,35421,95900,
22219,9641,22916,63
22220,20717,52737,313
22221,23005,59789,279
22222,11449,31317,82
22223,11500,32578,151
22224,17759,46763,262
22225,19085,48152,185
22226,15904,45547,175
22300,,43522,
22301,5502,12624,17
22302,2936,7303,15
22304,3314,8524,27
22305,2663,6837,11
22306,3400,8234,17
22307,1086,2642,
22320,,37661,
22321,5911,14466,
22322,5242,14317,
22323,1239,2826,
22324,1432,3734,
22325,14780,37661,162
22326,7648,19349,
22327,5526,14337,
22328,2114,6119,
22329,2661,7147,
22340,,93946,
22341,12973,32118,210
22342,17482,42331,352
22344,6442,19497,78
22361,2880,8650,
22381,5630,15751,
22382,4218,11360,
22383,2798,8243,
22401,3818,11160,
22402,7401,21912,
22420,,36285,
22421,3120,9931,
22422,7658,22564,
22423,8246,22983,
22424,11265,29093,128
22425,6297,18962,
22426,1568,4869,
22427,1676,4898,
22428,963,2294,
22429,2639,7192,13
22442,3713,10795,
22444,8380,22647,
22445,5225,14336,
22446,12534,32427,
22447,6659,19615,
22460,,18528,
22461,6242,18528,55
22462,1553,4529,
22481,6872,18629,
22482,6410,17947,
22483,6899,18426,
22484,11432,29999,
22485,3574,10975,
22486,254,639,
22487,1455,3805,
22488,916,2164,
22502,4541,11625,
22503,6190,16538,
22505,5546,15036,
22521,7275,20800,
22522,4296,13236,
22523,4643,14375,
23000,3238301,7483128,48402
23100,1122103,2295638,
23101,86281,164696,934
23102,45762,78043,689
23103,79169,163579,1016
23104,74257,149098,1013
23105,74793,133206,952
23106,63159,83203,674
23107,55059,107170,818
23108,51641,105357,769
23109,33791,65895,377
23110,101148,220281,1555
23111,63885,146745,733
23112,62606,136935,777
23113,74939,172845,1337
23114,101566,241822,1886
23115,75958,164080,1086
23116,78089,162683,1085
23201,151377,374765,2124
23202,156619,381051,2502
23203,152075,380868,2130
23204,52273,129046,643
23205,49006,116908,692
23206,131000,306508,2085
23207,72220,182436,1204
23208,24258,63431,264
23209,28277,71346,454
23210,67708,149765,1312
23211,176840,422542,2536
23212,75310,184140,1325
23213,62024,167990,967
23214,30970,81100,431
23215,29453,74308,344
23216,24566,56547,341
23217,38697,98359,528
23218,22181,58194,
23219,62633,149462,798
23220,52005,136867,767
23221,16633,47133,127
23222,49077,111944,873
23223,38310,89157,760
23224,34025,84617,462
23225,31694,70501,574
23226,33977,80787,526
23227,18239,46236,306
23228,21498,47562,341
23229,29101,69127,449
23230,36460,87977,829
23231,21300,62364,283
23232,21718,63088,280
23233,28929,67327,599
23234,36117,84133,640
23235,17066,43269,253
23236,24129,61810,471
23237,34041,86898,556
23238,26304,57598,511
23300,,42858,
23302,16823,42858,258
23304,26304,57598,
23340,,15177,
23341,7955,17315,
23342,6598,15177,103
23343,19665,46793,
23344,16452,37340,
23345,3249,8493,
23346,9920,22768,
23347,7805,18751,
23360,,57080,
23361,9150,23274,159
23362,13509,33806,217
23381,13318,33542,
23401,7375,21328,
23402,4339,12893,
23420,,72472,
23421,8486,22300,
23422,9049,23773,
23423,16506,40825,
23424,13468,30990,251
23425,16104,37085,262
23426,1718,5355,
23427,1506,4397,20
23428,15348,37914,
23429,10253,28936,
23430,2251,7405,
23431,1339,4519,
23432,7875,22228,
23440,,161732,
23441,10134,27747,164
23442,19406,49230,264
23445,6533,18707,38
23446,9530,23575,77
23447,18122,42473,281
23481,7730,23231,
23482,7503,21916,
23483,3918,11676,
23500,,39549,
23501,15810,39549,299
23502,2581,8109,
23521,24129,61810,
23522,6561,19097,
23523,1213,3716,
23541,2520,7892,
23543,1457,4484,
23544,981,2692,
23560,,9655,
23561,1845,5074,11
23562,1294,3446,9
23563,437,1135,1
23564,32,83,
23565,437,1191,
23566,924,2368,
23581,3616,11029,
23582,905,2436,
23601,3048,8847,
23602,5793,16087,
23603,8272,21497,
23604,4863,13199,
23621,14082,37928,
23622,1587,5406,
23623,5631,19030,
24000,742598,1815865,9524
24201,117663,279886,1569
24202,133331,311031,1915
24203,51580,127817,617
24204,65481,163863,861
24205,56362,140303,740
24206,24469,57076,
24207,82158,196403,1188
24208,31466,78795,359
24209,8153,18009,47
24210,20617,50254,265
24211,7382,19448,54
24212,7751,17322,55
24213,18202,44389,
24214,18075,45815,243
24215,19568,50341,125
24216,36615,90581,378
24300,,6357,
24301,3804,11225,
24302,5489,15345,
24303,2208,6357,13
24320,,25344,
24321,5100,13782,
24322,3929,9082,
24323,6924,16809,
24324,9539,25344,148
24325,2122,6142,
24340,,65522,
24341,15382,40210,227
24342,4344,10719,
24343,4112,10560,82
24344,6602,14752,146
24361,2749,6822,
24381,7160,18457,
24382,3366,8427,
24383,1184,3466,
24384,3810,10508,
24402,1697,4584,
24403,5693,14743,
24404,4003,11438,
24405,7677,19483,
24406,1797,4495,
24407,6009,14866,
24421,1620,4774,
24422,1381,3704,
24440,,47021,
24441,5124,14878,69
24442,8067,22586,132
24443,3639,9557,26
24444,1526,4717,
24445,1141,3155,
24460,,45467,
24461,5404,15431,84
24462,3201,8747,
24463,8167,19858,
24464,2848,7496,
24465,2129,5292,
24466,1579,4384,
24467,1325,3231,
24468,3744,8927,
24469,500,1324,
24470,2689,8309,36
24471,3404,8939,15
24472,4977,12788,31
24481,3880,9791,
24482,703,2230,
24483,2291,6937,
24484,1696,4978,
24501,3576,9569,
24521,1634,4346,
24522,2497,6227,
24523,3992,10555,
24524,8463,21692,
24525,2982,7521,
24540,,16338,
24541,3545,8310,
24542,3269,8028,
24543,6814,16338,38
24560,,19948,
24561,3711,8741,26
24562,4724,11207,35
24563,541,1172,
24564,1754,4285,
25000,571374,1412916,9249
25201,146088,340973,2334
25202,48212,113679,699
25203,42570,118193,659
25204,31403,81312,530
25205,19192,45465,
25206,66944,137247,1039
25207,31796,79859,649
25208,26688,66749,747
25209,33641,90901,484
25210,19659,49889,342
25211,22498,54289,291
25212,18037,50025,203
25213,42899,114180,705
25214,13385,38719,189
25301,8445,21825,
25321,26688,66749,
25342,3719,11444,
25343,15940,38445,
25361,4686,11915,
25362,17812,42374,
25363,15943,40541,
25364,2554,7655,
25365,3281,10235,
25366,7497,20338,
25367,4366,12132,
25380,,34307,
25381,4382,12428,
25382,4904,14772,
25383,7932,21873,95
25384,4435,12434,43
25401,1660,5383,
25402,4352,11928,
25403,8627,23080,
25420,,20778,
25421,1408,4990,
25422,2756,8562,
25423,2617,7800,
25424,5224,12978,
25425,7841,20778,135
25440,,21816,
25441,2629,7422,42
25442,2211,7039,17
25443,2506,7355,46
25461,4062,12217,
25462,1691,5220,
25463,4192,11191,
25464,3440,10091,
25481,4080,12980,
25482,1633,4840,
25483,2466,8583,
25484,1999,6844,
25501,3148,9749,
25502,2404,7155,
25503,1084,3142,
25504,1268,4000,
25521,2087,5712,
25522,4256,12327,
25523,649,1837,
25524,4845,12929,
25525,2113,6138,
25526,4087,11082,
26000,1190527,2610353,13882
26100,729524,1475183,
26101,57187,119474,513
26102,48004,85113,299
26103,85726,168266,731
26104,60634,109341,624
26105,20562,39044,137
26106,48309,82668,420
26107,50485,99927,751
26108,97849,204262,1136
26109,131284,280655,1504
26110,64402,135471,716
26111,65082,150962,861
26201,33632,78935,483
26202,35188,83990,413
26203,13735,33821,140
26204,73595,184678,943
26205,7292,18426,53
26206,34431,89479,490
26207,30484,76869,378
26208,23525,53380,397
26209,33728,80090,608
26210,30554,72664,301
26211,31693,70835,468
26212,20138,55054,261
26213,13195,33145,131
26214,29802,72840,506
26300,,15181,
26303,6549,15181,175
26320,,15805,
26322,6322,15805,76
26340,,17229,
26343,3161,7910,32
26344,3421,9319,29
26360,,44352,
26361,2951,8529,
26362,21671,50625,
26363,5180,13686,
26364,522,1368,4
26365,1379,3956,6
26366,13530,36376,170
26367,1023,2652,7
26381,1883,5127,
26382,1423,3824,
26400,,14453,
26401,7275,16766,
26402,2647,7615,
26403,2602,7280,
26404,1850,4940,
26405,1510,4174,
26406,1105,2999,
26407,5217,14453,24
26421,1318,3424,
26422,1297,3504,
26441,1617,4426,
26460,,23944,
26461,2338,6581,
26462,2186,5721,
26463,849,2110,9
26464,3514,9532,
26465,8038,21834,86
26481,4789,12028,
26482,3888,10122,
26501,4566,12931,
26502,1934,5316,
26503,1748,5058,
26521,3213,9599,
27000,4135879,8839469,55292
27100,1469718,2691185,
27102,56944,104727,630
27103,42631,72484,695
27104,32318,66656,362
27106,63874,92430,874
27107,42612,82035,417
27108,29859,65141,278
27109,42163,75729,663
27111,53297,69766,432
27113,46266,95490,551
27114,99699,175530,1114
27115,45487,80563,500
27116,67616,130167,640
27117,45303,91608,568
27118,82712,164697,1187
27119,53649,107626,713
27120,78098,154239,970
27121,62025,126299,870
27122,66379,111883,365
27123,104193,176201,1272
27124,48884,111557,949
27125,59913,122988,548
27126,92872,196633,1075
27127,85785,123667,1161
27128,67139,93069,961
27140,366079,839310,
27141,73809,148205,966
27142,50213,124543,722
27143,36889,85189,574
27144,58120,135746,839
27145,59706,147626,509
27146,72497,158845,1262
27147,14845,39156,209
27201,351234,800154,
27202,79073,194911,1144
27203,176967,395479,2901
27204,48611,103069,641
27205,180099,374468,2947
27206,32516,75897,556
27207,152869,351829,2168
27208,33284,88694,368
27209,67860,143042,983
27210,172253,404152,2383
27211,125089,280033,2171
27212,114265,268800,1605
27213,43864,100966,619
27214,45699,113984,549
27215,101538,237518,1349
27216,42367,106987,404
27217,51902,120750,676
27218,52686,123217,704
27219,73701,186109,1022
27220,58088,133411,780
27221,30009,71112,382
27222,45008,112683,622
27223,57379,123576,615
27224,40243,85007,652
27225,23130,56529,378
27226,27814,65438,372
27227,232303,502784,2865
27228,23123,62438,336
27229,22415,56075,337
27230,29569,76435,479
27231,24216,57792,404
27232,20774,54276,204
27300,,29983,
27301,12747,29983,202
27320,,30190,
27321,7580,19934,30
27322,3645,10256,14
27340,,17298,
27341,6749,17298,88
27360,,68790,
27361,17256,44435,240
27362,3734,8417,48
27366,6273,15938,51
27380,,35252,
27381,5048,13748,63
27382,6392,16126,51
27383,1944,5378,13
27385,14845,39156,
28000,2402484,5534800,32615
28100,734920,1537272,
28101,102465,213634,1373
28102,70009,136088,816
28105,61186,106956,650
28106,49601,97912,512
28107,74352,162468,888
28108,97680,219474,1168
28109,88489,219805,1056
28110,90870,135153,928
28111,100268,245782,1106
28201,224106,535664,3492
28202,221404,452563,3267
28203,133647,293409,2730
28204,215651,487850,3323
28205,17792,44258,206
28206,42522,95350,484
28207,82481,196883,1381
28208,11806,30129,112
28209,30180,82250,389
28210,107195,267435,1588
28211,14810,39661,
28212,18911,48567,199
28213,15167,40866,177
28214,95465,224903,1161
28215,30370,77178,371
28216,36712,91030,476
28217,63331,156375,849
28218,17810,48580,276
28219,42401,112691,474
28220,16245,44313,178
28221,15605,41490,202
28222,8388,24288,102
28223,23033,64660,313
28224,17047,46912,184
28225,11399,30805,132
28226,17494,43977,172
28227,12882,37773,126
28228,17070,40310,250
28229,27757,77419,391
28300,,30838,
28301,10995,30838,74
28321,2393,7595,
28341,8998,20471,
28342,5035,12468,
28343,3037,7371,
28360,,21200,
28361,3072,9910,
28362,1864,6056,
28363,1626,5234,
28364,2213,6909,
28365,6562,21200,37
28380,,64759,
28381,11384,31020,164
28382,13792,33739,244
28421,1801,4898,
28422,6266,18548,
28440,,43490,
28441,2306,7063,
28442,4324,12300,26
28443,7795,19738,107
28444,6996,18735,
28445,1473,4389,
28446,3779,11452,44
28460,,33690,
28461,4802,14720,
28462,4396,12379,
28463,3749,10659,
28464,12757,33690,207
28480,,15224,
28481,5537,15224,61
28500,,17510,
28501,5927,17510,52
28502,1404,4099,
28503,1141,3628,
28504,912,2715,
28521,8272,23108,
28522,1805,5024,
28523,2508,8101,
28524,1151,3704,
28525,951,2860,
28541,1379,3519,
28542,1486,4496,
28543,3608,11217,
28544,5671,16609,
28561,3312,9996,
28562,1432,4255,
28580,,32889,
28581,1655,4888,
28582,3137,9222,
28583,649,1965,
28584,1792,5597,
28585,5912,18070,43
28586,4929,14819,54
28601,3526,10111,
28602,2458,7144,
28603,1222,3533,
28604,1182,3500,
28621,1410,3759,
28622,5907,15490,
28623,2028,5549,
28624,2054,6007,
28641,4052,9870,
28642,6255,17800,
28643,2053,6007,
28644,3811,10903,
28645,3819,11343,
28646,3043,8737,
28681,5992,14989,
28682,2322,5289,
28683,2821,7854,
28684,2755,7379,
28685,3322,9574,
28686,3604,8466,
28701,2019,5931,
28702,3584,9854,
28703,5453,15155,
28704,5991,15972,
29000,544981,1364316,6943
29201,155305,360310,1770
29202,26095,64817,338
29203,34216,87050,421
29204,25619,67398,369
29205,51330,124111,722
29206,22011,57244,318
29207,10897,30997,74
29208,9996,26868,66
29209,47666,118233,610
29210,29609,77561,564
29211,13288,36635,258
29212,10852,31105,78
29301,430,1455,
29320,,3674,
29321,1889,5647,
29322,1110,3674,3
29340,,77200,
29342,7173,18883,65
29343,9494,23571,125
29344,10902,27303,212
29345,3068,7443,30
29360,,47012,
29361,3206,8485,23
29362,2645,6836,38
29363,11905,31691,227
29380,,3308,
29381,2222,6616,
29382,1235,3773,
29383,5836,16228,
29384,1559,4488,
29385,593,1549,2
29386,705,1759,1
29400,,12718,
29401,2320,7195,14
29402,1786,5523,21
29420,,96507,
29421,7517,20753,
29422,5771,15882,
29424,8558,22054,99
29425,10031,23025,153
29426,11921,33487,203
29427,6792,17941,62
29440,,41568,
29441,2659,7399,10
29442,6509,18069,38
29443,2139,5664,12
29444,307,660,3
29445,841,2526,
29446,561,1354,3
29447,204,449,
29448,119,259,
29449,1410,3508,6
29450,447,895,3
29451,265,512,1
29452,625,1313,1
29453,762,1745,
30000,394483,963579,4901
30201,157666,364154,2235
30202,20088,51860,212
30203,24028,63621,285
30204,10270,28470,120
30205,10123,24801,115
30206,31215,74770,315
30207,13123,29331,120
30208,23351,62616,291
30209,21999,53452,346
30300,,9206,
30301,4083,11742,
30302,2351,6399,
30303,1123,2807,
30304,3474,9206,15
30321,6263,15608,
30322,4563,13031,
30323,2611,7091,
30324,2525,7181,
30325,7389,19705,
30326,21999,53452,
30340,,24721,
30341,6223,16992,59
30342,5126,13078,
30343,1528,4377,9
30344,1408,3352,5
30345,138,307,
30360,,45785,
30361,4599,12200,39
30362,2481,7224,22
30363,5673,15779,
30364,2548,7457,
30365,1285,3125,
30366,9506,26361,168
30380,,51544,
30381,2863,7480,38
30382,2896,7641,58
30383,2261,5837,18
30384,2248,6243,
30385,700,1935,
30386,644,1598,
30387,1279,3252,
30388,1578,5396,
30389,2699,7346,
30390,2993,8068,35
30391,4277,12742,39
30392,3592,9776,51
30400,,40649,
30401,9382,21533,71
30402,1152,2746,
30403,1007,2701,
30404,6368,14989,109
30405,1370,3410,
30406,1790,4127,12
30407,5532,12235,
30420,,38599,
30421,6795,15682,53
30422,1315,3087,12
30423,1866,4323,
30424,1248,2826,5
30425,533,1319,
30426,1250,2807,
30427,223,446,1
30428,7398,16558,43
31000,219742,573441,3263
31201,77029,193717,1123
31202,62134,149313,1060
31203,18309,49044,270
31204,13128,34174,177
31300,,11485,
31301,3044,8504,
31302,3926,11485,58
31303,909,2905,
31320,,27408,
31321,2948,9397,
31322,1102,3515,
31323,2135,6906,
31324,1276,4073,
31325,1182,3269,10
31326,1141,3446,
31327,647,1921,
31328,2400,7154,16
31329,5326,16985,54
31341,2916,8602,
31342,1187,3885,
31343,2029,6131,
31360,,55276,
31361,2985,8313,
31362,810,2518,
31363,1887,5719,
31364,2230,6490,13
31365,1114,3530,
31366,2536,7316,
31367,2451,7504,
31368,3528,10518,
31369,2241,6898,
31370,5682,16550,111
31371,5769,17416,79
31372,4987,14820,77
31380,,41977,
31381,2418,7391,
31382,1130,3559,
31383,2321,6955,
31384,1243,3439,22
31385,3502,9533,
31386,5247,16470,70
31387,2003,6247,
31388,1394,4366,
31389,3548,10950,39
31390,3648,11118,58
31400,,11047,
31401,1791,4765,13
31402,1210,3278,7
31403,953,3004,6
31404,1327,4163,
32000,269892,694352,3759
32201,85593,206230,1282
32202,24370,58105,244
32203,64408,171938,1196
32204,18870,47718,205
32205,13343,35166,154
32206,12835,39528,168
32207,9953,24468,94
32208,7733,25294,
32209,12432,39032,154
32301,2373,6763,
32302,1030,3415,
32303,1663,5092,
32304,5589,15221,
32305,2241,6625,
32306,2636,6622,
32307,2758,8732,
32308,1407,3842,
32321,2259,7192,
32322,1345,4590,
32340,,13063,
32341,2319,6947,
32342,2037,6116,
32343,4356,13063,40
32361,3837,12524,
32362,1826,5939,
32363,2897,8680,
32380,,5031,
32381,2354,7245,
32382,575,1706,
32383,943,2938,
32384,758,2265,
32385,1011,2766,
32386,1769,5031,19
32401,10075,28009,
32402,1008,3406,
32403,1187,3543,
32404,1702,5270,
32405,4888,14342,
32421,1146,2905,
32422,1481,3976,
32440,,19443,
32441,1407,3442,12
32442,1296,3397,
32443,548,1503,
32444,552,1440,
32445,1553,4348,
32446,1889,5313,
32447,989,2660,
32448,1844,4900,14
32449,3994,11101,40
32462,1536,4426,
32463,1131,4243,
32464,493,1343,
32465,3240,6316,
32481,726,1984,
32482,485,1147,
32500,,14027,
32501,3090,7653,17
32502,1304,3384,
32503,576,1439,
32504,2257,4935,
32505,2833,6374,26
32520,,20603,
32521,4503,10805,
32522,155,357,
32523,673,1771,
32524,631,1675,
32525,1068,2353,7
32526,1415,3027,8
32527,350,615,5
32528,5962,14608,74
33000,801409,1921525,11575
33100,327620,719474,
33101,155323,309484,2165
33102,65547,146232,1038
33103,37471,95577,519
33104,69279,168181,1149
33201,309716,674147,
33202,199082,477118,3318
33203,41213,103746,614
33204,24090,60736,228
33205,18466,50568,187
33207,14732,41390,155
33208,27110,66855,497
33209,12886,32075,80
33210,11324,30658,82
33211,13486,35179,117
33212,14068,36975,187
33213,16439,43214,228
33214,15845,46124,189
33215,10793,27977,96
33216,12615,34235,155
33301,3667,9055,
33303,2074,5601,
33305,1795,4956,
33321,6605,15302,
33322,9403,24245,
33323,1520,4258,
33324,4077,10679,
33325,1439,4032,
33340,,14412,
33342,2654,6934,
33344,1662,4527,
33345,1135,3348,
33346,5296,14412,37
33361,2368,6161,
33362,6995,18240,
33363,4705,12574,
33401,5558,15369,
33420,,12154,
33423,4522,12154,121
33427,1711,4728,
33428,2177,5659,
33440,,10929,
33441,2788,7193,
33442,4272,11440,
33443,6461,17509,
33444,1882,5286,
33445,4138,10929,70
33460,,14201,
33461,5000,14201,59
33462,1398,4271,
33481,1594,4589,
33503,6891,22242,
33521,787,2173,
33522,1631,5136,
33523,2488,6994,
33541,1696,4430,
33542,1001,2738,
33543,773,1967,
33561,973,3003,
33562,602,1856,
33563,1016,3189,
33564,862,2497,
33580,,866,
33581,2550,7395,
33582,4560,13997,
33583,973,2636,
33584,3947,10592,
33585,407,1242,
33586,331,866,3
33587,662,1926,
33588,901,2604,
33589,214,596,
33600,,12847,
33601,1430,4261,
33602,223,614,
33603,476,1351,
33604,235,593,
33605,182,494,
33606,4643,12847,79
33620,,17031,
33621,1070,2777,
33622,4089,11125,63
33623,1942,5906,38
33624,2093,6253,
33640,,1472,
33641,1367,3631,
33642,370,1055,
33643,575,1472,6
33644,4741,11755,
33645,2233,5973,
33646,1012,2786,
33660,,19339,
33661,2276,6475,
33662,867,2458,
33663,1793,4907,18
33664,2223,6438,
33665,1885,5499,
33666,5028,14432,52
33680,,11950,
33681,4283,11950,25
34000,1243527,2843990,16682
34100,555123,1194034,
34101,81602,136640,865
34102,53056,120155,738
34103,72206,142728,974
34104,93866,190929,1232
34105,106284,242512,1971
34106,57775,145018,642
34107,31483,79353,477
34108,58851,136699,969
34202,94483,228552,867
34203,10682,26426,85
34204,39091,96194,382
34205,57519,138626,516
34206,10248,23350,
34207,193371,464811,3053
34208,15030,40069,131
34209,21377,53615,276
34210,13794,37000,111
34211,11591,27865,115
34212,90158,192907,1234
34213,47821,114906,716
34214,11060,29488,115
34215,10141,24339,66
34300,,116222,
34302,21615,51053,442
34304,12891,28667,318
34307,9422,23755,137
34309,5232,12747,82
34310,3604,9386,
34311,4969,11643,
34312,2231,5391,
34313,606,1463,
34314,760,1662,
34323,11590,27465,
34324,2395,5838,
34325,3826,9890,
34326,269,616,
34327,751,1674,
34328,2177,5082,
34329,1419,3062,
34330,2941,6809,
34360,,25390,
34361,1322,3235,
34362,365,916,
34363,901,2321,
34364,809,2205,
34365,1117,3064,
34366,4467,10203,
34367,1284,3446,
34368,2588,6472,8
34369,7677,18918,77
34381,4116,10615,
34382,1355,4120,
34383,959,2655,
34384,1237,3324,
34385,1854,4923,
34386,1539,3851,
34402,9719,23851,
34405,863,2374,
34406,1238,3232,
34407,2054,5892,
34408,2163,5928,
34420,,7992,
34421,4336,10900,
34422,3848,9881,
34423,4225,10861,
34424,3580,8372,
34425,659,1489,
34426,832,1908,
34427,1677,3816,
34428,905,2390,
34429,855,1786,
34430,3618,8027,
34431,3437,7992,12
34441,2405,6987,
34442,1561,4356,
34444,5611,14028,
34460,,16337,
34461,2139,5769,
34462,6085,16337,50
34463,1200,3218,
34481,961,2543,
34482,4284,11337,
34501,16770,42699,
34524,7081,20411,
34540,,9217,
34541,837,2277,
34542,719,1959,
34543,473,1262,
34544,1310,3719,
34545,3339,9217,21
34561,1638,4792,
34562,508,1414,
34563,892,2484,
34581,500,1560,
34582,490,1460,
34583,503,1381,
34584,1401,3834,
34585,1244,3151,
34586,1075,2851,
34601,1205,3570,
34602,2946,7878,
34603,669,2066,
34604,576,1760,
34605,478,1390,
35000,598824,1404729,7189
35201,115817,268517,1205
35202,72595,169429,992
35203,87094,197422,1152
35204,20432,49560,136
35205,43087,96086,
35206,48858,115942,771
35207,24718,55812,459
35208,57911,136757,656
35209,17982,42178,
35210,21439,51369,249
35211,14135,35439,102
35212,13932,32945,139
35213,9405,26159,62
35214,13059,29960,
35215,63289,144842,799
35216,26106,62671,273
35300,,17199,
35301,1426,3386,
35302,2378,5803,
35303,1579,3617,
35304,1815,4393,
35305,7198,17199,40
35320,,6285,
35321,2476,6285,40
35322,3459,8776,
35323,4292,10914,
35324,351,895,
35325,4944,12555,
35326,1239,2804,
35327,1220,2876,
35328,461,1057,
35329,1534,4002,
35340,,30918,
35341,1251,2803,4
35342,2634,7052,
35343,5955,15317,51
35344,4848,12798,43
35345,5945,15526,
35361,1198,3270,
35381,2268,5915,
35401,2435,6680,
35402,12253,25502,
35403,3561,9426,
35421,2140,6005,
35422,8124,20493,
35441,2802,7733,
35442,1959,5341,
35443,6962,17635,
35444,3580,9254,
35461,1765,5133,
35462,1761,4857,
35481,2042,5405,
35482,1569,4065,
35483,2339,5838,
35500,,3463,
35501,371,859,
35502,1365,3463,16
35503,1074,2744,
35504,2242,5772,
35505,566,1486,
35506,1048,2657,
35507,595,1645,
35508,660,1826,
36000,308210,755733,3903
36201,119509,258554,1667
36202,22472,59101,208
36203,15141,38755,164
36204,27439,73019,369
36205,15488,41466,161
36206,13029,37202,122
36207,11244,30501,111
36208,10325,26836,66
36300,,6846,
36301,1847,5301,11
36302,638,1545,5
36320,,2289,
36321,771,2289,7
36340,,30890,
36341,9624,25590,131
36342,2021,5300,9
36360,,8402,
36361,4036,10868,
36362,4862,12819,
36363,1025,2881,
36364,859,2480,
36365,576,1433,
36366,211,490,
36367,516,1118,
36368,3187,8402,11
36380,,20634,
36381,961,2505,
36382,1716,4587,
36383,1718,4259,13
36384,1979,4687,
36385,915,1859,
36386,1124,2737,
36387,2677,7092,22
36388,4018,9283,25
36400,,97673,
36401,5847,15204,102
36402,9353,22446,196
36403,13973,34626,279
36404,5054,13358,85
36405,4246,12039,40
36406,2780,7584,
36407,2663,7807,
36421,3574,10102,
36422,4012,11709,
36441,8788,23161,
36442,2799,7438,
36443,3545,9910,
36444,356,957,
36460,,8927,
36461,6044,16028,
36462,2748,7805,
36463,1441,3797,
36464,1665,4428,
36465,301,702,
36466,2194,6029,
36467,258,639,
36468,3407,8927,25
36480,,14638,
36481,1590,4404,
36482,1998,5561,
36483,5012,12812,
36484,1363,3621,
36485,1370,3644,
36486,3184,9077,
36487,549,1281,
36488,441,1074,
36489,5182,14638,74
37000,406985,976263,5365
37201,187511,420748,2711
37202,45721,110010,692
37203,21272,53164,253
37204,13145,32927,188
37205,22947,59409,313
37206,19445,50272,152
37207,11931,31031,83
37208,23083,65524,273
37301,2533,6732,
37302,4097,10555,
37303,5301,13744,
37304,2424,6433,
37305,1953,5641,
37306,8590,20372,
37307,1843,5531,
37308,4635,12295,
37320,,28864,
37321,4338,10180,
37322,5750,14002,51
37323,1822,4682,
37324,6160,14862,47
37340,,27684,
37341,10889,27684,133
37342,6832,17299,
37343,1856,5086,
37360,,3139,
37361,964,2750,
37362,8808,23027,
37363,2684,7468,
37364,1563,3139,16
37380,,42562,
37381,1923,5470,
37382,6935,18140,
37383,9617,23949,
37384,3870,11074,
37385,6312,17040,
37386,8734,18952,141
37387,8858,23610,103
37400,,50929,
37401,827,2216,
37402,4358,12176,
37403,3675,9186,35
37404,9770,23366,87
37405,1346,3985,
37406,6531,18377,87
37421,5311,15134,
37422,2324,6701,
37423,3205,9176,
37424,3898,11661,
37425,3986,11167,
37426,5000,13529,
37427,2013,5911,
37428,2833,7440,
37429,1244,3906,
38000,601402,1385262,6950
38201,241234,514865,3084
38202,68328,158114,680
38203,31452,77465,293
38204,14413,34951,125
38205,51310,119903,705
38206,45193,108174,534
38207,17375,44086,157
38208,14198,35215,
38209,15126,35248,
38210,14161,36827,161
38211,10495,26667,
38212,12428,29903,
38213,35738,87413,419
38214,15474,38919,121
38215,14331,34613,189
38301,418,1091,
38302,5996,15859,
38303,73,161,
38321,3253,8568,
38323,4637,11869,
38340,,7135,
38341,1613,4253,
38342,1921,4919,
38343,3352,8717,
38344,3657,8426,
38345,2245,5852,
38346,1600,3540,
38347,958,2527,
38348,2733,6359,
38349,93,194,
38350,1351,3324,
38351,684,1582,
38352,1079,2035,
38353,1249,2734,
38354,1322,2941,
38355,210,403,
38356,3207,7135,10
38361,9987,23934,
38362,4344,10679,
38363,1648,3881,
38380,,8447,
38381,2370,5686,
38382,254,546,
38383,666,1479,
38384,348,736,
38385,911,2362,
38386,3638,8447,31
38400,,51303,
38401,11898,30064,172
38402,8477,21239,104
38403,287,733,
38404,1098,3057,
38405,1412,3962,
38420,,16742,
38421,2588,6607,
38422,6258,16742,48
38423,1887,5108,
38424,750,2216,
38425,313,714,
38440,,9626,
38441,3974,9646,
38442,4077,9626,25
38443,795,1860,
38444,1235,2774,
38445,2885,6951,
38461,1256,3319,
38462,6898,16865,
38463,3112,8359,
38464,1323,3425,
38480,,14777,
38481,3355,10064,
38482,2180,5770,
38483,3803,9369,
38484,1603,4072,9
38485,543,1336,
38486,3803,10453,
38488,4346,10705,31
38500,,21902,
38501,606,1598,
38502,3040,7458,
38503,3080,7214,
38504,1293,3574,
38505,870,2058,
38506,8889,21902,52
39000,315272,728276,3380
39201,154171,337190,1792
39202,5933,13524,29
39203,7307,17577,61
39204,19755,47982,286
39205,10196,27038,165
39206,8710,22606,73
39207,13759,31436,
39208,8508,20907,69
39209,6179,13778,31
39210,14844,34313,164
39211,13146,32961,194
39212,12033,27513,114
39300,,17249,
39301,1236,2584,7
39302,1409,3326,8
39303,1170,2733,11
39304,1064,2631,7
39305,549,1294,1
39306,376,823,4
39307,1511,3858,12
39321,1169,2753,
39322,2162,6099,
39323,9419,21070,
39324,7702,18937,
39325,1401,3471,
39326,1801,4592,
39327,712,1701,
39328,813,1851,
39340,,7535,
39341,1504,3573,10
39344,1788,3962,2
39360,,4393,
39361,459,1285,
39362,336,907,
39363,1618,3997,16
39364,200,396,1
39365,228,466,
39380,,28318,
39381,7934,20092,
39382,738,1654,
39383,5397,14871,
39384,922,2099,
39385,949,2209,
39386,9111,22767,75
39387,2460,5551,15
39400,,57506,
39401,2702,6840,17
39402,5141,13114,54
39403,2335,5795,16
39404,5101,12150,
39405,1513,3608,11
39406,465,1187,
39407,831,2150,
39408,1375,3644,
39409,800,1798,
39410,1984,5030,19
39411,2206,5794,17
39412,7150,17325,53
39420,,17886,
39421,1330,3292,
39422,993,2485,
39423,3277,7925,
39424,2198,5095,9
39425,1056,2690,
39426,1085,2877,
39427,658,1574,4
39428,4607,11217,33
40000,2323325,5101556,33942
40100,436245,961286,
40101,43268,99637,383
40103,34128,82844,455
40105,28541,59116,364
40106,96175,181878,1173
40107,91065,212850,1348
40108,30394,68844,278
40109,112674,256117,1513
40130,831124,1538681,
40131,156362,306015,2470
40132,154640,228441,2017
40133,127391,192688,1395
40134,129031,255797,2020
40135,95698,206868,1489
40136,67367,130995,817
40137,100635,217877,1525
40202,49231,117360,554
40203,128716,304552,2170
40204,23675,57146,323
40205,55762,129146,813
40206,20588,48441,287
40207,24114,67777,309
40208,3514,8935,
40209,14765,37873,
40210,22296,64408,355
40211,18752,48339,367
40212,12941,34838,154
40213,30477,70586,481
40214,9910,25940,94
40215,17369,41796,205
40216,22746,57983,332
40217,41861,101081,834
40218,46442,110743,726
40219,42781,99525,935
40220,41038,96516,626
40221,30945,72168,481
40222,27588,68083,
40223,23618,57959,365
40224,26534,58781,584
40225,10128,29509,148
40226,10540,28112,140
40227,15030,38743,134
40228,19456,52444,234
40229,13060,38139,149
40230,37792,96475,624
40231,19078,,357
40300,,50004,
40305,19078,50004,
40340,,225585,
40341,14093,37927,236
40342,12228,31210,232
40343,19005,45256,336
40344,10942,27263,221
40345,12469,30344,238
40348,3279,8225,59
40349,19899,45360,503
40362,19761,43092,
40363,6773,15689,
40364,3250,8609,
40365,278,609,
40380,,93662,
40381,5599,14208,62
40382,12315,28997,212
40383,12120,31580,190
40384,7561,18877,99
40400,,23817,
40401,3210,7810,13
40402,6263,16007,59
40403,7255,19171,
40404,3285,8941,
40420,,13496,
40421,5132,13496,73
40422,6554,16394,
40423,2054,5308,
40424,2908,8106,
40425,3591,9861,
40426,10410,24832,
40427,4538,10417,
40428,2236,5751,
40440,,31480,
40441,2253,6793,
40442,2438,7778,
40443,4850,13552,
40444,5777,15754,
40445,276,866,
40446,420,1308,
40447,10627,29306,214
40448,696,2174,7
40462,4656,12088,
40463,5548,16304,
40481,5601,15661,
40482,6428,19267,
40483,4527,13848,
40500,,15138,
40501,6265,17144,
40503,5616,15138,111
40520,,14176,
40521,3949,12121,
40522,4772,14176,88
40523,5982,16378,
40540,,20183,
40541,3361,10790,
40542,960,3059,
40543,3000,9434,
40544,7486,20183,98
40545,405,1158,
40546,831,2687,
40561,7150,20924,
40562,4919,14850,
40563,6880,17110,
40564,1492,4536,
40581,4418,12679,
40600,,77663,
40601,4337,10861,52
40602,3724,9924,25
40603,2733,7186,
40604,3656,9020,54
40605,6921,16789,60
40606,3280,8485,
40607,2506,7200,
40608,2040,5176,40
40609,1072,3022,13
40610,8519,22871,102
40620,,55206,
40621,17722,34963,295
40622,2164,5906,
40623,2312,6631,
40624,2870,7706,
40625,7346,20243,68
40640,,32672,
40641,3913,10685,
40642,2667,6627,47
40643,3050,7902,
40644,1511,3983,
40645,1286,3475,
40646,2797,7458,40
40647,6963,18587,67
41000,312680,832832,5144
41201,96874,236372,1480
41202,44192,122785,695
41203,29816,72902,500
41204,6773,19749,96
41205,19984,55238,341
41206,17624,49062,316
41207,10046,29684,160
41208,15907,44259,347
41209,9157,27336,166
41210,11452,31842,173
41301,3755,10778,
41302,5330,16574,
41303,2646,8451,
41304,2655,8064,
41305,8567,21985,
41306,1177,3979,
41320,,16411,
41321,7274,19064,
41322,3712,11251,
41323,4166,10238,
41324,1971,6173,
41325,466,1527,
41326,411,1305,
41327,6137,16411,145
41340,,52062,
41341,6756,17501,113
41342,3033,7960,
41343,3985,10642,
41344,2211,6676,
41345,3598,9283,84
41346,9229,25278,175
41361,5669,15499,
41362,4874,13518,
41363,3610,9812,
41364,1754,5430,
41380,,5902,
41381,3770,10860,
41382,572,2112,
41383,1443,4331,
41384,2507,7646,
41385,1457,4363,
41386,2055,6982,
41387,2231,5902,26
41388,1784,5442,
41389,1484,4600,
41400,,20148,
41401,6981,20148,82
41402,2737,8849,
41420,,40301,
41421,2685,8732,
41422,2597,7421,
41423,2455,6777,35
41424,3433,9583,89
41425,7247,23941,89
41426,1411,4847,
41427,2304,7790,
41440,,8779,
41441,2788,8779,32
41442,3139,10374,
41443,6018,16962,
42000,558230,1377187,7656
42201,187423,429508,2149
42202,104053,255439,1541
42203,17095,45436,268
42204,53235,138078,816
42205,39002,92757,828
42206,10267,23264,
42207,12009,31920,131
42208,8789,23309,96
42209,12681,31457,144
42210,9726,27103,112
42211,16526,37327,163
42212,11180,28691,119
42213,15141,44115,249
42214,16060,46535,168
42300,,72352,
42301,1438,3601,
42302,350,689,
42303,205,382,
42304,2246,5249,
42305,3785,10562,
42306,6286,16207,
42307,16011,42548,254
42308,11435,29804,221
42309,4685,11919,
42310,2836,8570,
42311,2499,7261,
42312,2817,5388,
42313,647,1449,
42314,2381,6023,
42315,1515,3952,
42320,,37256,
42321,2705,8298,29
42322,5195,14067,80
42323,5005,14891,86
42341,1799,5419,
42342,2521,7116,
42343,3425,9863,
42344,1798,5462,
42361,3326,10470,
42362,3220,9902,
42363,1623,5124,
42364,2243,6474,
42365,2131,5673,
42366,1614,4614,
42367,3135,8572,
42368,1175,3756,
42369,2358,6433,
42370,2119,5367,
42371,1795,5045,
42372,1092,3379,
42373,2322,6980,
42374,2525,7688,
42375,1345,4187,
42376,2504,7456,
42380,,16186,
42381,428,1077,
42382,2114,5458,
42383,1126,2560,10
42384,1070,2187,
42385,2564,6964,
42386,889,2635,
42387,760,2037,
42388,1984,5425,
42389,1646,4553,
42390,2203,6155,
42391,5436,13626,146
42392,1950,5421,
42393,1168,3440,
42400,,19718,
42401,2069,4550,
42402,603,1355,
42403,1123,2597,
42404,1373,3292,
42405,1091,2269,
42406,1223,2810,
42407,2403,5641,
42408,1512,3667,
42409,2356,5550,
42410,903,2050,
42411,8397,19718,46
42421,3861,10197,
42422,1865,5542,
42423,2583,7231,
42424,1417,4133,
42441,4908,11609,
42442,2782,7528,
42443,1331,3384,
42444,805,2013,
42445,1291,3102,
42446,1564,3821,
43000,719154,1786170,11189
43100,326920,740822,
43101,99897,186300,1145
43102,80454,190451,1519
43103,39781,93171,607
43104,49967,127769,1081
43105,56821,143131,993
43201,305228,,
43202,49204,127472,697
43203,13288,33880,155
43204,20783,53407,283
43205,10123,25411,78
43206,25278,66782,345
43207,14940,38177,
43208,19085,52264,250
43209,5344,13031,
43210,17593,48167,260
43211,13499,37026,238
43212,10034,27006,102
43213,21535,59756,358
43214,9987,27018,105
43215,31873,82739,351
43216,22283,58370,538
43321,2778,7719,
43322,3196,8780,
43340,,10333,
43341,7870,21510,
43342,3355,9794,
43343,9677,26060,
43344,4454,12921,
43345,1430,4276,
43346,1451,4400,
43347,1988,5933,
43348,3439,10333,29
43360,,41131,
43361,5046,13557,
43362,1736,5021,
43363,1925,6059,
43364,1814,5265,26
43365,1979,5844,
43366,1437,4347,
43367,3503,9786,46
43368,6434,15889,85
43369,3416,10191,45
43381,1251,3950,
43382,1922,6003,
43383,2875,7866,
43384,1397,4425,
43385,10467,29178,
43400,,74436,
43401,1698,5172,
43402,1362,4562,
43403,14165,33452,305
43404,17794,40984,394
43405,9427,25350,
43406,5422,14522,
43407,12856,33020,
43420,,37375,
43421,3649,9594,
43422,5754,16070,
43423,1603,4048,22
43424,2682,7187,24
43425,520,1510,9
43426,584,1354,
43427,1236,3515,
43428,2408,6325,20
43429,1460,3857,
43430,1054,2638,
43431,1537,5008,
43432,2362,6802,30
43433,4051,11503,62
43440,,85768,
43441,6196,17237,141
43442,3495,9054,99
43443,11744,33611,273
43444,3678,10717,51
43445,3202,9302,
43446,814,2332,
43447,5252,15149,45
43460,,11994,
43461,1041,3671,
43462,2447,6927,
43463,5051,14509,
43464,2357,7392,
43465,1575,4602,
43466,708,2162,
43467,664,1877,
43468,3932,11994,52
43480,,22334,
43481,1435,4226,
43482,5996,17661,56
43484,1687,4673,13
43500,,54940,
43501,3729,10766,67
43502,1570,4667,
43503,2119,5519,
43504,787,2504,
43505,3463,9791,32
43506,1401,3985,16
43507,786,2232,11
43508,359,1182,
43509,522,1651,
43510,1466,4468,15
43511,420,1055,2
43512,1131,3422,13
43513,976,3698,7
43514,5357,15523,83
43520,,7739,
43521,5231,13708,
43522,2474,7114,
43523,1779,4977,
43524,917,2458,
43525,1412,3726,
43526,1061,2735,
43527,1065,2812,
43528,749,2158,
43529,1112,3018,
43530,2836,8168,
43531,2769,7739,11
43532,1301,3074,
43533,1686,4589,
44000,489249,1166338,6259
44201,209539,478146,3249
44202,54336,122138,579
44203,37571,83965,485
44204,25139,66523,318
44205,28716,72211,232
44206,14749,38748,151
44207,6995,17969,38
44208,8699,22332,56
44209,9584,22853,105
44210,12028,30185,110
44211,21984,56258,231
44212,13780,36584,118
44213,13175,34262,209
44214,11913,28647,73
44301,502,1344,
44302,1264,3060,
44303,1168,2905,
44320,,1991,
44321,1668,4344,
44322,832,1991,5
44323,4290,10673,
44324,2210,5068,
44325,3745,8562,
44340,,28058,
44341,11072,28058,213
44342,2433,6750,
44361,1709,4564,
44362,6465,16270,
44363,2549,7552,
44364,4161,10440,
44381,3505,8946,
44401,779,1880,
44402,2506,7158,
44403,532,1473,
44404,1057,2665,
44405,743,2300,
44406,1203,3090,
44407,754,1844,
44408,2619,6757,
44421,2571,7583,
44422,6686,16959,
44423,754,1960,
44424,1880,4995,
44425,979,2582,
44426,1557,4291,
44427,685,2139,
44428,1239,3658,
44441,1060,2833,
44442,1396,3865,
44443,788,2151,
44460,,25468,
44461,3329,9645,25
44462,5808,15823,62
44481,327,981,
44482,303,769,
44483,310,774,
44484,876,2756,
44485,1520,4731,
44501,1892,5167,
44502,1061,2792,
44503,1382,3853,
44504,871,2361,
44521,1439,3916,
44522,2340,6360,
45000,470055,1104069,6502
45201,184237,401138,2746
45202,71092,165029,1126
45203,51566,125159,690
45204,22071,54090,207
45205,19162,46221,232
45206,25111,61761,378
45207,7225,18779,66
45208,11783,30683,126
45209,8050,19538,63
45301,13316,29276,
45302,4509,10706,
45303,13140,33201,
45321,1573,4285,
45322,3772,9819,
45340,,25404,
45341,10203,25404,165
45342,2416,6310,
45343,4127,10392,
45344,2814,7071,
45345,3549,8992,
45360,,9300,
45361,3763,9300,31
45362,3066,7568,
45363,651,1639,
45380,,26951,
45381,4403,10955,
45382,7494,19606,89
45383,2857,7345,29
45400,,71218,
45401,8685,21025,100
45402,6430,17373,86
45403,502,1089,2
45404,1886,5231,26
45405,6036,16109,65
45406,3960,10391,65
45420,,28210,
45421,6874,18183,105
45422,1496,3997,
45423,702,1793,
45424,772,2033,
45425,663,1654,
45426,1304,3861,
45427,1216,3531,
45428,1294,3407,
45429,628,1739,6
45430,1057,2808,9
45431,2137,5480,15
45440,,20588,
45441,4519,12755,51
45442,1493,3946,13
45443,1234,3887,11
46000,728179,1648177,9868
46201,279644,599814,4085
46202,31120,71144,
46203,46139,103608,788
46204,9455,22046,61
46205,9395,22792,
46206,8617,21198,87
46207,16518,36216,
46208,22796,53758,300
46209,8109,18865,
46210,17790,41831,188
46211,8764,21137,
46212,26737,58139,
46213,7046,15967,76
46214,6560,15520,37
46215,40995,96076,655
46216,19415,49249,261
46217,15325,36557,159
46218,55586,125857,849
46219,11974,29282,95
46220,14444,35439,156
46221,13241,31479,159
46222,19648,43156,242
46223,14485,36352,130
46224,11394,26810,104
46225,32850,75173,578
46300,,1163,
46301,4203,10578,
46302,1367,3336,
46303,218,407,3
46304,426,756,4
46321,4581,11341,
46322,3701,8713,
46323,4588,11905,
46324,2244,5625,
46341,974,2520,
46342,832,1942,
46343,1312,3181,
46344,4711,11469,
46345,5186,12978,
46361,2579,6490,
46362,4584,11704,
46363,9821,24593,
46364,6175,15363,
46365,2906,7321,
46366,1935,4918,
46367,3075,8034,
46368,2562,6659,
46380,,22400,
46381,2523,6534,
46382,1801,4727,
46383,2026,5288,
46384,6233,14958,
46385,1577,4107,
46386,1421,3335,
46387,1371,3664,
46388,509,1151,
46389,584,1247,
46390,867,1908,
46391,194,413,
46392,9231,22400,63
46400,,10431,
46401,1653,4098,
46402,5425,13112,
46403,2336,6206,
46404,3981,10431,69
46421,3285,7945,
46440,,10327,
46441,9009,21644,
46442,21192,47031,
46443,2649,6498,
46444,3403,8071,
46445,1751,4227,
46446,2668,6460,
46447,1434,3867,
46448,3009,7155,
46449,1996,4914,
46450,16700,37898,
46451,1990,5453,
46452,4102,10327,39
46460,,13241,
46461,4449,10299,
46462,1373,3188,
46463,4081,9644,
46464,6795,16614,
46465,1580,3977,
46466,7293,16820,
46467,4368,10682,
46468,5906,13241,53
46480,,37659,
46481,4962,11886,
46482,2772,6530,34
46483,1409,3215,
46484,4984,12449,
46485,2570,6670,
46486,2225,5583,
46487,2180,5349,
46488,950,2340,
46489,973,2193,
46490,3175,7923,24
46491,3153,7542,19
46492,6393,15664,66
46500,,26793,
46501,3596,8135,27
46502,2673,5745,19
46503,2736,6228,
46504,3111,6685,
46505,5847,12913,40
46520,,66991,
46523,688,1530,7
46524,805,1722,7
46525,4270,9042,59
46526,606,1292,
46527,2561,5806,44
46528,2524,5648,
46529,3258,7212,32
46530,4714,11160,87
46531,2521,5975,41
46532,2783,6362,37
46533,2883,6783,22
46534,2659,6213,34
46535,2160,5186,28
47000,614708,1433566,12549
47201,144355,319435,2202
47202,9818,23251,
47203,29363,71115,
47205,44163,96243,969
47206,17077,35280,
47207,22033,47564,415
47208,47331,114232,994
47209,28453,61674,586
47210,23272,58547,569
47211,60570,139279,1306
47212,24580,61119,663
47213,48163,118898,1115
47214,24235,51186,382
47215,15895,42016,409
47300,,64496,
47301,1976,4908,24
47302,1308,3060,11
47303,725,1720,11
47306,3541,9531,56
47308,5351,13536,78
47311,4735,10652,64
47313,2239,5597,72
47314,4657,11232,100
47315,1900,4260,32
47320,,151607,
47322,4493,11503,
47323,4489,13029,
47324,15672,39504,340
47325,5220,13685,105
47326,11697,28308,235
47327,6558,16148,161
47328,8851,19454,228
47329,13610,34508,263
47340,,100235,
47341,24580,61119,
47343,7622,20547,
47344,3058,8519,
47345,4323,11682,
47346,1714,5107,
47347,4557,11600,
47348,7949,18410,226
47349,5301,13627,
47350,14679,37502,467
47351,1799,4094,
47352,1539,3661,
47353,389,730,1
47354,501,870,8
47355,378,759,4
47356,224,430,
47357,680,1329,13
47358,326,629,5
47359,518,1238,8
47360,637,1517,2
47361,3338,7755,60
47362,10680,29066,310
47370,,1194,
47371,2293,5386,
47372,1227,2892,
47373,1591,2859,
47374,2047,4769,
47375,466,1194,2
47380,,5841,
47381,2093,3998,42
47382,760,1843,11
