municipality_code,year,population
01000,2000,5683062
01000,2005,5627737
01000,2010,5506419
01100,2000,1822368
01100,2005,1880863
01100,2010,1913545
01202,2000,287637
01202,2005,294264
01202,2010,279127
01203,2000,150687
01203,2005,142161
01203,2010,131928
01204,2000,359536
01204,2005,355004
01204,2010,347095
01205,2000,103278
01205,2005,98372
01205,2010,94535
01206,2000,191739
01206,2005,181516
01206,2010,181169
01207,2000,173030
01207,2005,170580
01207,2010,168057
01208,2000,112040
01208,2005,110715
01208,2010,125689
01209,2000,14791
01209,2005,13001
01209,2010,10922
01210,2000,85029
01210,2005,83202
01210,2010,90145
01211,2000,43395
01211,2005,42045
01211,2010,40998
01212,2000,28325
01212,2005,26826
01212,2010,24457
01213,2000,172086
01213,2005,172758
01213,2010,173320
01214,2000,43774
01214,2005,41592
01214,2010,39595
01215,2000,31183
01215,2005,29083
01215,2010,26034
01216,2000,21026
01216,2005,18899
01216,2010,16628
01217,2000,123877
01217,2005,125601
01217,2010,123722
01218,2000,15753
01218,2005,14401
01218,2010,12637
01219,2000,28476
01219,2005,26632
01219,2010,24750
01220,2000,23065
01220,2005,23411
01220,2010,21787
01221,2000,27760
01221,2005,26590
01221,2010,30591
01222,2000,13561
01222,2005,11927
01222,2010,10221
01223,2000,33150
01223,2005,31202
01223,2010,29201
01224,2000,88897
01224,2005,91437
01224,2010,93604
01225,2000,46861
01225,2005,45562
01225,2010,43170
01226,2000,21072
01226,2005,20068
01226,2010,19056
01227,2000,5941
01227,2005,5221
01227,2010,4387
01228,2000,27579
01228,2005,25838
01228,2010,23709
01229,2000,26112
01229,2005,25076
01229,2010,24259
01230,2000,54761
01230,2005,53135
01230,2010,51526
01231,2000,65239
01231,2005,67614
01231,2010,69384
01233,2000,35042
01233,2005,35223
01233,2010,36278
01234,2000,57731
01234,2005,60677
01234,2010,60353
01235,2000,54567
01235,2005,60104
01235,2010,59449
01236,2010,48032
01303,2000,20778
01303,2005,19982
01303,2010,18766
01304,2000,3940
01304,2005,3737
01304,2010,3515
01331,2000,11108
01331,2005,10121
01331,2010,8748
01332,2000,6795
01332,2005,5897
01332,2010,5114
01333,2000,5832
01333,2005,5447
01333,2010,5074
01334,2000,6665
01334,2005,6024
01334,2010,5341
01337,2000,28354
01337,2005,28424
01337,2010,28463
01343,2000,4907
01343,2005,4919
01343,2010,4767
01345,2000,15104
01345,2005,19149
01345,2010,17859
01346,2000,17636
01346,2005,20131
01346,2010,18896
01347,2000,8032
01347,2005,7003
01347,2010,6386
01361,2000,10959
01361,2005,10131
01361,2010,9004
01362,2000,7152
01362,2005,6417
01362,2010,5428
01363,2000,5105
01363,2005,4775
01363,2010,4409
01364,2000,5143
01364,2005,4816
01364,2010,4408
01367,2000,3921
01367,2005,3643
01367,2010,3033
01370,2000,6906
01370,2005,6466
01370,2010,6186
01371,2005,10748
01371,2010,9590
01391,2000,2224
01391,2005,1996
01391,2010,1781
01392,2000,4114
01392,2005,3744
01392,2010,3443
01393,2000,3608
01393,2005,3457
01393,2010,3250
01394,2000,6215
01394,2005,5802
01394,2010,5292
01395,2000,4553
01395,2005,4669
01395,2010,4823
01396,2000,2536
01396,2005,2354
01396,2010,2189
01397,2000,2227
01397,2005,2165
01397,2010,2034
01398,2000,2843
01398,2005,2707
01398,2010,2490
01399,2000,3505
01399,2005,3583
01399,2010,3811
01400,2000,16184
01400,2005,16176
01400,2010,15568
01401,2000,7249
01401,2005,7112
01401,2010,6428
01402,2000,16726
01402,2005,15744
01402,2010,14451
01403,2000,2040
01403,2005,2185
01403,2010,1883
01404,2000,1325
01404,2005,1319
01404,2010,1122
01405,2000,3149
01405,2005,2860
01405,2010,2516
01406,2000,4318
01406,2005,4021
01406,2010,3611
01407,2000,4111
01407,2005,3967
01407,2010,3800
01408,2000,23685
01408,2005,22734
01408,2010,21258
01409,2000,1512
01409,2005,1310
01409,2010,1262
01423,2000,9792
01423,2005,9564
01423,2010,8778
01424,2000,7309
01424,2005,6836
01424,2010,6194
01425,2000,5171
01425,2005,4770
01425,2010,4086
01427,2000,6910
01427,2005,6477
01427,2010,5896
01428,2000,12452
01428,2005,12401
01428,2010,11691
01429,2000,14847
01429,2005,14352
01429,2010,13340
01430,2000,5144
01430,2005,4785
01430,2010,4859
01431,2000,2643
01431,2005,2417
01431,2010,2206
01432,2000,8067
01432,2005,7684
01432,2010,7249
01433,2000,4232
01433,2005,3943
01433,2010,3462
01434,2000,3268
01434,2005,3003
01434,2010,2730
01436,2000,3601
01436,2005,3316
01436,2010,3049
01437,2000,2562
01437,2005,2376
01437,2010,2193
01438,2000,4373
01438,2005,4041
01438,2010,3612
01452,2000,7165
01452,2005,7261
01452,2010,7345
01453,2000,8127
01453,2005,9194
01453,2010,9292
01454,2000,7643
01454,2005,7473
01454,2010,7087
01455,2000,4576
01455,2005,4340
01455,2010,4042
01456,2000,4065
01456,2005,3739
01456,2010,3328
01457,2000,5718
01457,2005,5176
01457,2010,4532
01458,2000,7671
01458,2005,7701
01458,2010,7859
01459,2000,11902
01459,2005,11628
01459,2010,10956
01460,2000,12809
01460,2005,12352
01460,2010,11545
01461,2000,5833
01461,2005,5707
01461,2010,5477
01462,2000,3236
01462,2005,2947
01462,2010,2814
01463,2000,1873
01463,2005,1819
01463,2010,1394
01464,2000,4710
01464,2005,4238
01464,2010,3832
01465,2000,4158
01465,2005,3952
01465,2010,3565
01468,2000,4413
01468,2005,4146
01468,2010,3775
01469,2000,6040
01469,2005,5512
01469,2010,5178
01470,2000,1334
01470,2005,1070
01470,2010,995
01471,2000,2464
01471,2005,2106
01471,2010,1907
01472,2010,1710
01481,2000,6167
01481,2005,5708
01481,2010,5078
01482,2000,4566
01482,2005,4272
01482,2010,3717
01483,2000,4645
01483,2005,4202
01483,2010,3656
01484,2000,9364
01484,2005,8740
01484,2010,7964
01485,2000,1764
01485,2005,1511
01485,2010,1369
01486,2000,3683
01486,2005,3421
01486,2010,3084
01487,2000,4542
01487,2005,4030
01487,2010,3780
01511,2000,2980
01511,2005,2940
01511,2010,2825
01512,2000,4957
01512,2005,4582
01512,2010,4168
01513,2000,2518
01513,2005,2289
01513,2010,1974
01514,2000,7973
01514,2005,7534
01514,2010,9125
01516,2000,5220
01516,2005,4850
01516,2010,4378
01517,2000,3856
01517,2005,3410
01517,2010,3078
01518,2000,3417
01518,2005,2951
01518,2010,2590
01519,2000,3536
01519,2005,3239
01519,2010,3037
01520,2010,2677
01543,2000,23905
01543,2005,22819
01543,2010,21575
01544,2000,6789
01544,2005,6222
01544,2010,5646
01545,2000,14066
01545,2005,13431
01545,2010,13045
01546,2000,5437
01546,2005,5025
01546,2010,4551
01547,2000,6126
01547,2005,5753
01547,2010,5358
01549,2000,6317
01549,2005,5981
01549,2010,5435
01550,2000,4110
01550,2005,3699
01550,2010,3428
01552,2000,6666
01552,2005,6393
01552,2010,5892
01555,2000,18503
01555,2005,23648
01555,2010,22265
01559,2000,5260
01559,2005,4917
01559,2010,10041
01560,2000,3799
01560,2005,3366
01560,2010,3028
01561,2000,4965
01561,2005,4589
01561,2010,4301
01562,2000,1314
01562,2005,1224
01562,2010,1135
01563,2000,5778
01563,2005,5507
01563,2010,4939
01564,2010,7933
01571,2000,5286
01571,2005,4771
01571,2010,4528
01575,2000,3748
01575,2005,3473
01575,2010,3232
01578,2000,21662
01578,2005,20748
01578,2010,19376
01581,2000,5438
01581,2005,5240
01581,2010,4890
01584,2010,10132
01585,2010,8726
01586,2010,9746
01601,2000,2306
01601,2005,2095
01601,2010,13615
01602,2000,6503
01602,2005,6173
01602,2010,5596
01604,2000,6204
01604,2005,6034
01604,2010,5775
01607,2000,16634
01607,2005,15698
01607,2010,14389
01608,2000,6210
01608,2005,5711
01608,2010,5114
01609,2000,6248
01609,2005,5796
01609,2010,5413
01610,2010,25419
01631,2000,39201
01631,2005,42452
01631,2010,45085
01632,2000,6839
01632,2005,6755
01632,2010,6416
01633,2000,5634
01633,2005,5229
01633,2010,5080
01634,2000,5910
01634,2005,5876
01634,2010,5702
01635,2000,7657
01635,2005,7243
01635,2010,6653
01636,2000,10988
01636,2005,10464
01636,2010,9961
01637,2000,17586
01637,2005,18300
01637,2010,18905
01638,2000,4116
01638,2005,3983
01638,2010,4006
01639,2000,3291
01639,2005,3326
01639,2010,3391
01641,2000,6711
01641,2005,6407
01641,2010,5977
01642,2000,8975
01642,2005,8325
01642,2010,7881
01643,2000,24276
01643,2005,25083
01643,2010,26547
01644,2000,8710
01644,2005,8193
01644,2010,7527
01645,2000,4164
01645,2005,3732
01645,2010,3394
01646,2000,10021
01646,2005,9072
01646,2010,8275
01647,2000,8871
01647,2005,8317
01647,2010,7630
01648,2000,3228
01648,2005,2956
01648,2010,2650
01649,2000,6846
01649,2005,6068
01649,2010,5460
01661,2000,22478
01661,2005,21855
01661,2010,20526
01662,2000,12307
01662,2005,11525
01662,2010,10630
01663,2000,7335
01663,2005,7005
01663,2010,6511
01664,2000,9388
01664,2005,8936
01664,2010,8285
01665,2000,9493
01665,2005,9023
01665,2010,8278
01667,2000,2728
01667,2005,2672
01667,2010,2627
01668,2000,11359
01668,2005,10397
01668,2010,9294
01691,2000,16910
01691,2005,16460
01691,2010,15855
01692,2000,23179
01692,2005,23792
01692,2010,23982
01693,2000,6298
01693,2005,6063
01693,2010,5646
01694,2000,6956
01694,2005,6540
01694,2010,5885
02000,2000,1475728
02000,2005,1436657
02000,2010,1373339
02201,2000,297859
02201,2005,311508
02201,2010,299520
02202,2000,177086
02202,2005,173221
02202,2010,183473
02203,2000,241920
02203,2005,244700
02203,2010,237615
02204,2000,39059
02204,2005,38455
02204,2010,36132
02205,2000,49193
02205,2005,62181
02205,2010,58421
02206,2000,63363
02206,2005,68359
02206,2010,66110
02207,2000,42495
02207,2005,42425
02207,2010,41258
02208,2000,49341
02208,2005,64052
02208,2010,61066
02209,2005,40091
02209,2010,37243
02210,2010,33764
02301,2000,14528
02301,2005,13483
02301,2010,12361
02303,2000,4124
02303,2005,3816
02303,2010,3217
02304,2000,3480
02304,2005,3405
02304,2010,3271
02307,2005,8215
02307,2010,7089
02321,2000,13551
02321,2005,12662
02321,2010,11449
02323,2000,8954
02323,2005,10910
02323,2010,9691
02343,2000,2049
02343,2005,1597
02343,2010,1594
02361,2000,10327
02361,2005,16495
02361,2010,16021
02362,2000,12881
02362,2005,11921
02362,2010,10978
02367,2000,8835
02367,2005,8541
02367,2010,8153
02381,2000,16840
02381,2005,16222
02381,2010,15227
02384,2000,15795
02384,2005,15218
02384,2010,14270
02387,2005,14184
02387,2010,12743
02401,2000,16012
02401,2005,15218
02401,2010,14314
02402,2000,10634
02402,2005,18471
02402,2010,16759
02405,2000,10481
02405,2005,10430
02405,2010,10241
02406,2000,5508
02406,2005,5097
02406,2010,4881
02408,2000,10662
02408,2005,20016
02408,2010,19106
02411,2000,11849
02411,2005,11401
02411,2010,11095
02412,2010,24211
02423,2000,6566
02423,2005,6212
02423,2010,6340
02424,2000,7975
02424,2005,8042
02424,2010,7252
02425,2000,2793
02425,2005,2603
02425,2010,2463
02426,2000,3010
02426,2005,2843
02426,2010,2422
02441,2000,13223
02441,2005,12261
02441,2010,11299
02442,2000,17850
02442,2005,20138
02442,2010,18712
02443,2000,7288
02443,2005,6883
02443,2010,6175
02445,2000,6104
02445,2005,5834
02445,2010,19853
02446,2000,15618
02446,2005,15356
02446,2010,14699
02450,2000,3343
02450,2005,3143
02450,2010,2851
03000,2000,1416180
03000,2005,1385041
03000,2010,1330147
03201,2000,288843
03201,2005,287192
03201,2010,298348
03202,2000,54638
03202,2005,60250
03202,2010,59430
03203,2000,36570
03203,2005,43331
03203,2010,40737
03205,2000,72995
03205,2005,72407
03205,2010,101438
03206,2000,91501
03206,2005,94321
03206,2010,93138
03207,2000,36796
03207,2005,36009
03207,2010,36872
03208,2000,27681
03208,2005,31402
03208,2010,29331
03209,2000,63510
03209,2005,125818
03209,2010,118578
03210,2000,25676
03210,2005,24709
03210,2010,23300
03211,2000,46521
03211,2005,42987
03211,2010,39574
03213,2000,27678
03213,2005,26496
03213,2010,29702
03214,2005,31079
03214,2010,28680
03215,2010,124746
03301,2000,19750
03301,2005,19055
03301,2010,18033
03302,2000,8725
03302,2005,8021
03302,2010,7304
03303,2000,17372
03303,2005,16254
03303,2010,14984
03321,2000,33038
03321,2005,33692
03321,2010,33288
03322,2000,25268
03322,2005,27085
03322,2010,27205
03366,2010,6602
03381,2000,16383
03381,2005,16396
03381,2010,16325
03402,2000,9054
03402,2005,8819
03402,2010,8345
03441,2000,7305
03441,2005,6848
03441,2010,6190
03461,2000,17480
03461,2005,16516
03461,2010,15276
03482,2000,21214
03482,2005,20142
03482,2010,18617
03483,2000,12845
03483,2005,11914
03483,2010,10804
03484,2000,4529
03484,2005,4241
03484,2010,3843
03485,2000,3583
03485,2005,3358
03485,2010,3088
03501,2000,11863
03501,2005,10997
03501,2010,10209
03503,2000,5195
03503,2005,5019
03503,2010,4632
03506,2000,7324
03506,2005,6974
03506,2010,6507
03507,2010,17913
03524,2000,16933
03524,2005,15549
03524,2010,14187
04000,2000,2365320
04000,2005,2360218
04000,2010,2348165
04100,2000,1008130
04100,2005,1025098
04100,2010,1045986
04202,2000,119818
04202,2005,167324
04202,2010,160826
04203,2000,61547
04203,2005,59357
04203,2010,56490
04205,2000,61452
04205,2005,58320
04205,2010,73489
04206,2000,40793
04206,2005,39492
04206,2010,37422
04207,2000,67216
04207,2005,68662
04207,2010,73134
04208,2000,34354
04208,2005,33199
04208,2010,31336
04209,2000,61457
04209,2005,62745
04209,2010,63060
04211,2000,41407
04211,2005,43921
04211,2010,44187
04212,2005,89316
04212,2010,83969
04213,2005,80248
04213,2010,74932
04214,2005,43235
04214,2010,42903
04215,2010,135147
04301,2000,13545
04301,2005,13318
04301,2010,12882
04302,2000,2034
04302,2005,1871
04302,2010,1694
04321,2000,22767
04321,2005,23335
04321,2010,23530
04322,2000,13166
04322,2005,12740
04322,2010,11995
04323,2000,39485
04323,2005,39809
04323,2010,39341
04324,2000,10872
04324,2005,10583
04324,2010,9978
04341,2000,17868
04341,2005,16792
04341,2010,15501
04361,2000,34770
04361,2005,35132
04361,2010,34845
04362,2000,18537
04362,2005,17713
04362,2010,16704
04401,2000,17059
04401,2005,16193
04401,2010,15085
04404,2000,21131
04404,2005,21068
04404,2010,20416
04406,2000,29848
04406,2005,32257
04406,2010,33994
04421,2000,24410
04421,2005,24509
04421,2010,24894
04422,2000,9768
04422,2005,9424
04422,2010,8927
04424,2000,5992
04424,2005,5607
04424,2010,5334
04444,2000,8162
04444,2005,7856
04444,2010,7431
04445,2005,27212
04445,2010,25527
04501,2000,19313
04501,2005,18410
04501,2010,17494
04505,2010,25190
04581,2000,11814
04581,2005,10723
04581,2010,10051
04606,2005,18645
04606,2010,17429
05000,2000,1189279
05000,2005,1145501
05000,2010,1085997
05201,2000,317625
05201,2005,333109
05201,2010,323600
05202,2000,53266
05202,2005,51703
05202,2010,59084
05203,2000,40521
05203,2005,103652
05203,2010,98367
05204,2000,66293
05204,2005,82504
05204,2010,78946
05206,2000,30469
05206,2005,35637
05206,2010,32294
05207,2000,34963
05207,2005,55290
05207,2010,50849
05209,2000,39144
05209,2005,36753
05209,2010,34473
05210,2005,89555
05210,2010,85229
05211,2005,35814
05211,2010,34442
05212,2005,93352
05212,2010,88301
05213,2005,40049
05213,2010,36387
05214,2005,28972
05214,2010,27544
05215,2005,31868
05215,2010,29568
05303,2000,7171
05303,2005,6824
05303,2010,6054
05327,2000,3369
05327,2005,3107
05327,2010,2727
05346,2000,4708
05346,2005,4348
05346,2010,3848
05348,2010,18876
05349,2010,8220
05361,2000,12372
05361,2005,11678
05361,2010,10516
05363,2000,7533
05363,2005,7093
05363,2010,6623
05366,2000,6116
05366,2005,5847
05366,2010,5493
05368,2000,3323
05368,2005,3256
05368,2010,3218
05434,2005,23038
05434,2010,21674
05463,2000,19485
05463,2005,18267
05463,2010,16792
05464,2000,3390
05464,2005,3180
05464,2010,2872
06000,2000,1244147
06000,2005,1216181
06000,2010,1168924
06201,2000,255369
06201,2005,256012
06201,2010,254244
06202,2000,95396
06202,2005,93178
06202,2010,89401
06203,2000,100628
06203,2005,142384
06203,2010,136623
06204,2000,101311
06204,2005,98278
06204,2010,111151
06205,2000,42151
06205,2005,40717
06205,2010,38850
06206,2000,43379
06206,2005,43625
06206,2010,42373
06207,2000,36886
06207,2005,36013
06207,2010,33836
06208,2000,29586
06208,2005,28192
06208,2010,26811
06209,2000,31987
06209,2005,30929
06209,2010,29473
06210,2000,63231
06210,2005,63864
06210,2010,62214
06211,2000,44800
06211,2005,45834
06211,2010,46414
06212,2000,22010
06212,2005,20695
06212,2010,18955
06213,2000,36191
06213,2005,35190
06213,2010,33658
06301,2000,15512
06301,2005,15415
06301,2010,15139
06302,2000,12573
06302,2005,12523
06302,2010,12015
06321,2000,21476
06321,2005,20738
06321,2010,19959
06322,2000,7452
06322,2005,6917
06322,2010,6270
06323,2000,9337
06323,2005,8593
06323,2010,7856
06324,2000,10477
06324,2005,9915
06324,2010,9227
06341,2000,9400
06341,2005,8824
06341,2010,8160
06361,2000,7381
06361,2005,6949
06361,2010,6365
06362,2000,11483
06362,2005,10761
06362,2010,9847
06363,2000,6996
06363,2005,6671
06363,2010,6164
06364,2000,10592
06364,2005,10054
06364,2010,9165
06365,2000,4528
06365,2005,4226
06365,2010,3762
06366,2000,5829
06366,2005,5447
06366,2010,4862
06367,2000,6450
06367,2005,5915
06367,2010,5304
06381,2000,26807
06381,2005,26026
06381,2010,25025
06382,2000,19688
06382,2005,18769
06382,2010,17313
06401,2000,10262
06401,2005,9742
06401,2010,8862
06402,2000,17149
06402,2005,16331
06402,2010,15314
06403,2000,9204
06403,2005,8623
06403,2010,7943
06426,2000,7879
06426,2005,8003
06426,2010,7731
06428,2005,24677
06428,2010,23158
06461,2000,18037
06461,2005,16852
06461,2010,15480
07000,2000,2126935
07000,2005,2091319
07000,2010,2029064
07201,2000,291121
07201,2005,290869
07201,2010,292590
07202,2000,118118
07202,2005,122248
07202,2010,126220
07203,2000,334824
07203,2005,338834
07203,2010,338712
07204,2000,360138
07204,2005,354492
07204,2010,342249
07205,2000,47685
07205,2005,47854
07205,2010,64704
07207,2000,66747
07207,2005,80364
07207,2010,79267
07208,2000,37495
07208,2005,36410
07208,2010,52356
07209,2000,38842
07209,2005,38630
07209,2010,37817
07210,2000,36233
07210,2005,35107
07210,2010,59871
07211,2005,43253
07211,2010,40422
07212,2010,70878
07213,2010,66027
07214,2010,31489
07301,2000,13700
07301,2005,13411
07301,2010,12853
07303,2000,11198
07303,2005,10692
07303,2010,10086
07308,2000,17751
07308,2005,17034
07308,2010,15569
07322,2000,8407
07322,2005,8464
07322,2010,8574
07342,2000,12743
07342,2005,12746
07342,2010,12815
07344,2000,6889
07344,2005,6486
07344,2010,6291
07362,2000,7579
07362,2005,7053
07362,2010,6461
07364,2000,757
07364,2005,706
07364,2010,636
07367,2000,5557
07367,2005,5284
07367,2010,4932
07368,2010,17864
07402,2000,3644
07402,2005,3475
07402,2010,3185
07405,2000,9075
07405,2005,8237
07405,2010,7366
07407,2000,4109
07407,2005,3951
07407,2010,3761
07408,2000,18178
07408,2005,17009
07408,2010,15805
07421,2000,19426
07421,2005,18274
07421,2010,17360
07422,2000,3601
07422,2005,3570
07422,2010,3364
07423,2000,4669
07423,2005,4260
07423,2010,4009
07444,2000,2474
07444,2005,2250
07444,2010,1926
07445,2000,3204
07445,2005,2834
07445,2010,2462
07446,2000,1874
07446,2005,1632
07446,2010,1500
07447,2005,24741
07447,2010,22737
07461,2000,18642
07461,2005,19494
07461,2010,19767
07464,2000,6823
07464,2005,6761
07464,2010,6802
07465,2000,5274
07465,2005,5174
07465,2010,5154
07466,2000,18892
07466,2005,18735
07466,2010,18407
07481,2000,16376
07481,2005,15795
07481,2010,15062
07482,2000,7062
07482,2005,6740
07482,2010,6348
07483,2000,11296
07483,2005,10619
07483,2010,9884
07484,2000,4602
07484,2005,4322
07484,2010,3989
07501,2000,19914
07501,2005,18921
07501,2010,17775
07502,2000,7680
07502,2005,7602
07502,2010,7231
07503,2000,7910
07503,2005,7538
07503,2010,6921
07504,2000,7484
07504,2005,7272
07504,2010,6888
07505,2000,6818
07505,2005,6511
07505,2010,6030
07521,2000,19976
07521,2005,19194
07521,2010,18191
07522,2000,12555
07522,2005,12105
07522,2010,11202
07541,2000,5813
07541,2005,5533
07541,2010,5418
07542,2000,8380
07542,2005,8188
07542,2010,7700
07543,2000,16173
07543,2005,15910
07543,2010,16001
07544,2000,3384
07544,2005,3125
07544,2010,2820
07545,2000,10803
07545,2005,10992
07545,2010,11515
07546,2000,7647
07546,2005,7170
07546,2010,6932
07547,2000,22609
07547,2005,21615
07547,2010,20905
07548,2000,1736
07548,2005,1625
07548,2010,1531
07561,2000,9017
07561,2005,8584
07561,2010,8224
07564,2000,7093
07564,2005,6722
07564,2010,6209
08000,2000,2985676
08000,2005,2975167
08000,2010,2969770
08201,2000,246739
08201,2005,262603
08201,2010,268750
08202,2000,193353
08202,2005,199218
08202,2010,193129
08203,2000,134702
08203,2005,135058
08203,2010,143839
08204,2000,58727
08204,2005,145265
08204,2010,142995
08205,2000,52568
08205,2005,81887
08205,2010,79687
08207,2000,52774
08207,2005,52460
08207,2010,52494
08208,2000,76923
08208,2005,78950
08208,2010,80334
08210,2000,37008
08210,2005,36895
08210,2010,44987
08211,2000,42015
08211,2005,41867
08211,2010,65320
08212,2000,39680
08212,2005,59802
08212,2010,56250
08214,2000,34602
08214,2005,32932
08214,2010,31017
08215,2000,51593
08215,2005,49645
08215,2010,47026
08216,2000,30076
08216,2005,29668
08216,2010,79409
08217,2000,82527
08217,2005,111327
08217,2010,109651
08219,2000,73258
08219,2005,77223
08219,2010,81684
08220,2000,165978
08220,2005,200528
08220,2010,214590
08221,2000,151673
08221,2005,153639
08221,2010,157060
08222,2000,62287
08222,2005,64435
08222,2010,66093
08223,2005,31524
08223,2010,30534
08224,2005,53700
08224,2010,62482
08225,2005,47808
08225,2010,45178
08226,2005,54705
08226,2010,54240
08227,2005,112581
08227,2010,108527
08228,2005,57516
08228,2010,56114
08229,2005,49689
08229,2010,46895
08230,2005,44603
08230,2010,43553
08231,2005,48400
08231,2010,45673
08232,2005,91867
08232,2010,94795
08233,2005,40035
08233,2010,37611
08234,2010,50156
08235,2010,44461
08236,2010,52279
08302,2000,35296
08302,2005,35008
08302,2010,34513
08309,2000,19957
08309,2005,19205
08309,2010,18328
08310,2005,22993
08310,2010,21491
08341,2000,34333
08341,2005,35450
08341,2010,37438
08364,2000,23982
08364,2005,22103
08364,2010,20073
08442,2000,18219
08442,2005,18118
08442,2010,17299
08443,2000,46922
08443,2005,47994
08443,2010,47940
08447,2000,11502
08447,2005,10959
08447,2010,10172
08521,2000,24352
08521,2005,23609
08521,2010,23106
08542,2000,10218
08542,2005,9873
08542,2010,9410
08546,2000,27171
08546,2005,26468
08546,2010,25714
08564,2000,19033
08564,2005,18024
08564,2010,17473
09000,2000,2004817
09000,2005,2016631
09000,2010,2007683
09201,2000,443808
09201,2005,457673
09201,2010,511739
09202,2000,163140
09202,2005,159756
09202,2010,154530
09203,2000,83855
09203,2005,82340
09203,2010,139262
09204,2000,83414
09204,2005,123926
09204,2010,121249
09205,2000,94128
09205,2005,94009
09205,2010,102348
09206,2000,17428
09206,2005,16379
09206,2010,90066
09208,2000,155198
09208,2005,160150
09208,2010,164454
09209,2000,64648
09209,2005,66362
09209,2010,82289
09210,2000,56557
09210,2005,79023
09210,2010,77729
09211,2000,36466
09211,2005,35685
09211,2010,35343
09213,2005,115032
09213,2010,117812
09214,2005,41383
09214,2010,44768
09215,2005,31152
09215,2010,29206
09216,2010,59483
09301,2000,29421
09301,2005,31592
09301,2010,31621
09342,2000,25685
09342,2005,25080
09342,2010,24348
09343,2000,17466
09343,2005,16403
09343,2010,15018
09344,2000,12441
09344,2005,12401
09344,2010,12094
09345,2000,16988
09345,2005,16367
09345,2010,16030
09361,2000,39853
09361,2005,40107
09361,2010,39605
09364,2000,26674
09364,2005,25907
09364,2010,25720
09384,2000,14171
09384,2005,13462
09384,2010,12560
09386,2000,29777
09386,2005,30915
09386,2010,30436
09407,2000,27027
09407,2005,26693
09407,2010,26765
09411,2005,19865
09411,2010,18446
10000,2000,2024852
10000,2005,2024135
10000,2010,2008068
10201,2000,284155
10201,2005,318584
10201,2010,340291
10202,2000,239904
10202,2005,245100
10202,2010,371302
10203,2000,115434
10203,2005,128037
10203,2010,121704
10204,2000,125751
10204,2005,202447
10204,2010,207221
10205,2000,147906
10205,2005,213299
10205,2010,216465
10206,2000,46339
10206,2005,53177
10206,2010,51265
10207,2000,79371
10207,2005,79454
10207,2010,78608
10208,2000,48761
10208,2005,47961
10208,2010,83330
10209,2000,62951
10209,2005,62480
10209,2010,67975
10210,2000,49349
10210,2005,49038
10210,2010,52070
10211,2000,47665
10211,2005,46911
10211,2010,61077
10212,2010,51899
10344,2000,13334
10344,2005,14158
10344,2010,14370
10345,2000,16504
10345,2005,18060
10345,2010,19801
10366,2000,2285
10366,2005,1535
10366,2010,1306
10367,2005,2757
10367,2010,2352
10382,2000,11171
10382,2005,10144
10382,2010,8911
10383,2000,3340
10383,2005,2929
10383,2010,2423
10384,2000,14660
10384,2005,14313
10384,2010,13618
10421,2000,18344
10421,2005,17556
10421,2010,18216
10424,2000,6939
10424,2005,6563
10424,2010,6017
10425,2000,10657
10425,2005,10858
10425,2010,10183
10426,2000,7702
10426,2005,7602
10426,2010,7160
10428,2000,4348
10428,2005,4351
10428,2010,3911
10429,2010,15622
10443,2000,5929
10443,2005,5478
10443,2010,4904
10444,2000,4139
10444,2005,4179
10444,2010,3898
10448,2000,7878
10448,2005,7783
10448,2010,7620
10449,2005,23310
10449,2010,21345
10464,2000,37522
10464,2005,38168
10464,2010,37536
10521,2000,15946
10521,2005,15865
10521,2010,15706
10522,2000,11474
10522,2005,11326
10522,2010,11209
10523,2000,11602
10523,2005,11620
10523,2010,11473
10524,2000,41403
10524,2005,41466
10524,2010,40257
10525,2000,27512
10525,2005,27372
10525,2010,27023
11000,2000,6938006
11000,2005,7054243
11000,2010,7194556
11100,2005,1176314
11100,2010,1222434
11201,2000,330766
11201,2005,333795
11201,2010,342670
11202,2000,156216
11202,2005,191107
11202,2010,203180
11203,2000,460027
11203,2005,480079
11203,2010,500598
11206,2000,86308
11206,2005,84720
11206,2010,85786
11207,2000,59790
11207,2005,70563
11207,2010,66955
11208,2000,330100
11208,2005,336100
11208,2010,341924
11209,2000,83210
11209,2005,84860
11209,2010,83549
11210,2000,68445
11210,2005,67662
11210,2010,115002
11211,2000,61461
11211,2005,60807
11211,2010,81889
11212,2000,92929
11212,2005,91302
11212,2010,90099
11214,2000,203375
11214,2005,238506
11214,2010,237171
11215,2000,161460
11215,2005,158074
11215,2010,155727
11216,2000,57499
11216,2005,56693
11216,2010,56204
11217,2000,84100
11217,2005,119594
11217,2010,119639
11218,2000,103534
11218,2005,103529
11218,2010,144618
11219,2000,212947
11219,2005,220232
11219,2010,223926
11221,2000,225018
11221,2005,236316
11221,2010,243855
11222,2000,308307
11222,2005,315792
11222,2010,326313
11223,2000,71063
11223,2005,70010
11223,2010,71502
11224,2000,108039
11224,2005,116696
11224,2010,123079
11225,2000,147909
11225,2005,148576
11225,2010,149872
11227,2000,119712
11227,2005,124393
11227,2010,129691
11228,2000,65076
11228,2005,67448
11228,2010,69611
11229,2000,70170
11229,2005,76688
11229,2010,80745
11230,2000,149511
11230,2005,153305
11230,2010,158777
11231,2000,73967
11231,2005,73677
11231,2010,74711
11232,2000,72654
11232,2005,72522
11232,2010,154310
11233,2000,69524
11233,2005,70126
11233,2010,68888
11234,2000,74954
11234,2005,75507
11234,2010,82977
11235,2000,103247
11235,2005,104748
11235,2010,106736
11237,2000,131047
11237,2005,128278
11237,2010,131415
11238,2000,64386
11238,2005,63474
11238,2010,63309
11239,2000,97381
11239,2005,98964
11239,2010,101700
11240,2000,56413
11240,2005,54006
11240,2010,54012
11241,2000,67638
11241,2005,69783
11241,2010,69990
11242,2000,53758
11242,2005,53619
11242,2010,57473
11243,2000,56673
11243,2005,60284
11243,2010,65298
11245,2005,101960
11245,2010,105695
11301,2000,32216
11301,2005,36535
11301,2010,42494
11324,2000,35752
11324,2005,37050
11324,2010,38706
11326,2000,39711
11326,2005,39122
11326,2010,39054
11327,2000,13718
11327,2005,13356
11327,2010,12537
11341,2000,12836
11341,2005,15434
11341,2010,17323
11342,2000,19816
11342,2005,19479
11342,2010,18887
11343,2000,37301
11343,2005,35401
11343,2010,32913
11346,2000,23322
11346,2005,22906
11346,2010,22147
11347,2000,22246
11347,2005,22217
11347,2010,21079
11348,2000,17008
11348,2005,15985
11348,2010,15305
11349,2010,12418
11361,2000,9782
11361,2005,9684
11361,2010,9039
11362,2000,12199
11362,2005,11518
11362,2010,10888
11363,2000,8560
11363,2005,8352
11363,2010,7908
11365,2000,12043
11365,2005,14479
11365,2010,13436
11369,2000,4119
11369,2005,3795
11369,2010,3348
11381,2000,12107
11381,2005,11963
11381,2010,11605
11383,2000,13823
11383,2005,13819
11383,2010,14470
11385,2000,30126
11385,2005,30855
11385,2010,30998
11408,2000,37724
11408,2005,37061
11408,2010,35774
11442,2000,35193
11442,2005,34620
11442,2010,33641
11464,2000,47336
11464,2005,46646
11464,2010,46923
11465,2000,29021
11465,2005,30857
11465,2010,31153
12000,2000,5926285
12000,2005,6056462
12000,2010,6216289
12100,2000,887164
12100,2005,924319
12100,2010,961749
12202,2000,78697
12202,2005,75020
12202,2010,70210
12203,2000,448642
12203,2005,466608
12203,2010,473919
12204,2000,550074
12204,2005,569835
12204,2010,609040
12205,2000,51412
12205,2005,50527
12205,2010,49290
12206,2000,122768
12206,2005,122234
12206,2010,129312
12207,2000,464841
12207,2005,472579
12207,2010,484457
12208,2000,119922
12208,2005,151240
12208,2010,155491
12210,2000,93779
12210,2005,93260
12210,2010,93015
12211,2000,95704
12211,2005,100717
12211,2010,128933
12212,2000,170934
12212,2005,171246
12212,2010,172183
12213,2000,59605
12213,2005,61701
12213,2010,61751
12215,2000,40963
12215,2005,70643
12215,2010,69058
12216,2000,154036
12216,2005,158785
12216,2010,164530
12217,2000,327851
12217,2005,380963
12217,2010,404012
12218,2000,23235
12218,2005,22198
12218,2010,20788
12219,2000,278218
12219,2005,280255
12219,2010,280416
12220,2000,150527
12220,2005,152641
12220,2010,163984
12221,2000,168848
12221,2005,180729
12221,2010,189781
12222,2000,127733
12222,2005,131205
12222,2010,134017
12223,2000,29981
12223,2005,36475
12223,2010,35766
12224,2000,102573
12224,2005,102812
12224,2010,107853
12225,2000,92076
12225,2005,90977
12225,2010,89168
12226,2000,52839
12226,2005,50162
12226,2010,48073
12227,2000,132984
12227,2005,155290
12227,2010,164877
12228,2000,82552
12228,2005,84770
12228,2010,86726
12229,2000,58593
12229,2005,59108
12229,2010,60355
12230,2000,72595
12230,2005,75735
12230,2010,73212
12231,2000,60468
12231,2005,60060
12231,2010,88176
12232,2005,53005
12232,2010,60345
12233,2005,51370
12233,2010,51087
12234,2010,42104
12235,2010,39814
12236,2010,82866
12237,2010,56089
12238,2010,40962
12322,2000,19885
12322,2005,21385
12322,2010,21234
12329,2000,25475
12329,2005,24377
12329,2010,22580
12342,2000,6747
12342,2005,6705
12342,2010,6454
12347,2000,17603
12347,2005,16950
12347,2010,16002
12349,2000,17076
12349,2005,16166
12349,2010,15154
12403,2000,20266
12403,2005,19009
12403,2010,18004
12409,2000,8401
12409,2005,8389
12409,2010,7920
12410,2010,24675
12421,2000,11648
12421,2005,11656
12421,2010,12034
12422,2000,8244
12422,2005,7838
12422,2010,7340
12423,2000,13892
12423,2005,14543
12423,2010,14752
12424,2000,13103
12424,2005,12850
12424,2010,12151
12426,2000,8625
12426,2005,8564
12426,2010,8035
12427,2000,10628
12427,2005,9824
12427,2010,9073
12441,2000,12121
12441,2005,11514
12441,2010,10671
12443,2000,8019
12443,2005,7942
12443,2010,7738
12463,2000,10521
12463,2005,9778
12463,2010,8950
13000,2000,12064101
13000,2005,12576601
13000,2010,13159388
13101,2000,36035
13101,2005,41778
13101,2010,47115
13102,2000,72526
13102,2005,98399
13102,2010,122762
13103,2000,159398
13103,2005,185861
13103,2010,205131
13104,2000,286726
13104,2005,305716
13104,2010,326309
13105,2000,176017
13105,2005,189632
13105,2010,206626
13106,2000,156325
13106,2005,165186
13106,2010,175928
13107,2000,215979
13107,2005,231173
13107,2010,247606
13108,2000,376840
13108,2005,420845
13108,2010,460819
13109,2000,324608
13109,2005,346357
13109,2010,365302
13110,2000,250140
13110,2005,264064
13110,2010,268330
13111,2000,650331
13111,2005,665674
13111,2010,693373
13112,2000,814901
13112,2005,841165
13112,2010,877138
13113,2000,196682
13113,2005,203334
13113,2010,204492
13114,2000,309526
13114,2005,310627
13114,2010,314750
13115,2000,522103
13115,2005,528587
13115,2010,549569
13116,2000,249017
13116,2005,250585
13116,2010,284678
13117,2000,326764
13117,2005,330412
13117,2010,335544
13118,2000,180468
13118,2005,191207
13118,2010,203296
13119,2000,513575
13119,2005,523083
13119,2010,535824
13120,2000,658132
13120,2005,692339
13120,2010,716124
13121,2000,617123
13121,2005,624807
13121,2010,683426
13122,2000,421519
13122,2005,424878
13122,2010,442586
13123,2000,619953
13123,2005,653944
13123,2010,678967
13201,2000,536046
13201,2005,560012
13201,2010,580053
13202,2000,164709
13202,2005,172566
13202,2010,179668
13203,2000,135746
13203,2005,137525
13203,2010,138734
13204,2000,171612
13204,2005,177016
13204,2010,186083
13205,2000,141394
13205,2005,142354
13205,2010,139339
13206,2000,226769
13206,2005,245623
13206,2010,255506
13207,2000,106532
13207,2005,110143
13207,2010,112297
13208,2000,204759
13208,2005,216119
13208,2010,223593
13209,2000,377494
13209,2005,405534
13209,2010,426987
13210,2000,111825
13210,2005,114112
13210,2010,118852
13211,2000,178623
13211,2005,183796
13211,2010,187035
13212,2000,167942
13212,2005,176538
13212,2010,180052
13213,2000,142290
13213,2005,144929
13213,2010,153557
13214,2000,111404
13214,2005,117604
13214,2010,120650
13215,2000,72187
13215,2005,72667
13215,2010,75510
13218,2000,61427
13218,2005,61074
13218,2010,59796
13219,2000,75711
13219,2005,78319
13219,2010,78751
13220,2000,77212
13220,2005,79353
13220,2010,83068
13221,2000,68037
13221,2005,73529
13221,2010,74104
13222,2000,113302
13222,2005,115330
13222,2010,116546
13223,2000,66052
13223,2005,66553
13223,2010,70053
13224,2000,145862
13224,2005,145877
13224,2010,147648
13225,2000,69235
13225,2005,76492
13225,2010,84835
13227,2000,56013
13227,2005,56514
13227,2010,57032
13228,2000,78351
13228,2005,79587
13228,2010,80868
13229,2005,189735
13229,2010,196511
13303,2000,32892
13303,2005,33691
13303,2010,33497
13305,2000,16631
13305,2005,15941
13305,2010,16650
13307,2000,3256
13307,2005,2930
13307,2010,2558
13308,2000,7575
13308,2005,6741
13308,2010,6045
13361,2000,9224
13361,2005,8702
13361,2010,8461
13362,2000,302
13362,2005,308
13362,2010,341
13363,2000,3147
13363,2005,3161
13363,2010,2883
13364,2000,2144
13364,2005,2068
13364,2010,1889
13381,2005,2439
13381,2010,2676
13382,2000,308
13382,2005,292
13382,2010,348
13401,2000,9488
13401,2005,8837
13401,2010,8231
13402,2000,203
13402,2005,214
13402,2010,201
13421,2000,2824
13421,2005,2723
13421,2010,2785
14000,2000,8489974
14000,2005,8791597
14000,2010,9048331
14100,2000,3426651
14100,2005,3579628
14100,2010,3688773
14130,2000,1249905
14130,2005,1327011
14130,2010,1425512
14150,2010,717544
14201,2000,428645
14201,2005,426178
14201,2010,418325
14203,2000,254633
14203,2005,258958
14203,2010,260780
14204,2000,167583
14204,2005,171158
14204,2010,174314
14205,2000,379185
14205,2005,396014
14205,2010,409657
14206,2000,200173
14206,2005,198741
14206,2010,198327
14207,2000,220809
14207,2005,228420
14207,2010,235081
14208,2000,57281
14208,2005,58033
14208,2010,58302
14210,2000,52253
14210,2005,49861
14210,2010,48352
14211,2000,168142
14211,2005,168317
14211,2010,170145
14212,2000,217369
14212,2005,222403
14212,2010,224420
14213,2000,212761
14213,2005,221220
14213,2010,228186
14214,2000,99544
14214,2005,100579
14214,2010,101039
14215,2000,117519
14215,2005,123764
14215,2010,127707
14216,2000,125694
14216,2005,128174
14216,2010,129436
14217,2000,44156
14217,2005,44134
14217,2010,44020
14218,2000,81019
14218,2005,81767
14218,2010,83167
14301,2000,30413
14301,2005,31531
14301,2010,32766
14321,2000,46369
14321,2005,47457
14321,2010,47672
14341,2000,32259
14341,2005,32590
14341,2010,33032
14342,2000,30802
14342,2005,30247
14342,2010,29522
14361,2000,10222
14361,2005,10173
14361,2010,10010
14362,2000,16582
14362,2005,17530
14362,2010,17972
14363,2000,12987
14363,2005,12399
14363,2010,11676
14364,2000,13605
14364,2005,12655
14364,2010,11764
14366,2000,13396
14366,2005,15123
14366,2010,16369
14382,2000,15829
14382,2005,14206
14382,2010,13853
14383,2000,9075
14383,2005,8714
14383,2010,8212
14384,2000,27721
14384,2005,27430
14384,2010,26848
14401,2000,42760
14401,2005,42045
14401,2010,42089
14402,2000,3482
14402,2005,3507
14402,2010,3459
15000,2000,2475733
15000,2005,2431459
15000,2010,2374450
15100,2010,811901
15202,2000,193414
15202,2005,236344
15202,2010,282674
15204,2000,84447
15204,2005,104749
15204,2010,102292
15205,2000,88418
15205,2005,94648
15205,2010,91451
15206,2000,80734
15206,2005,104634
15206,2010,101202
15208,2000,41641
15208,2005,39956
15208,2010,38600
15209,2000,33085
15209,2005,31482
15209,2010,29762
15210,2000,43002
15210,2005,62058
15210,2010,58911
15211,2000,43526
15211,2005,42668
15211,2010,41862
15212,2000,31758
15212,2005,30685
15212,2010,66427
15213,2000,43480
15213,2005,43255
15213,2010,81876
15216,2000,32003
15216,2005,49844
15216,2010,47702
15217,2000,27882
15217,2005,37831
15217,2010,35457
15218,2000,38306
15218,2005,37282
15218,2010,54550
15222,2000,134751
15222,2005,208082
15222,2010,203899
15223,2005,47043
15223,2010,45560
15224,2005,67386
15224,2010,62727
15225,2005,43555
15225,2010,40361
15226,2005,63329
15226,2010,61624
15227,2005,32813
15227,2010,31424
15307,2000,13313
15307,2005,13497
15307,2010,13724
15342,2000,8535
15342,2005,8545
15342,2010,8582
15361,2000,13643
15361,2005,13363
15361,2010,12791
15385,2005,14703
15385,2010,13303
15405,2000,5814
15405,2005,5338
15405,2010,4907
15461,2000,9130
15461,2005,8713
15461,2010,8396
15482,2000,12389
15482,2005,11719
15482,2010,10881
15504,2000,5028
15504,2005,4806
15504,2010,4800
15581,2000,7510
15581,2005,7019
15581,2010,6438
15586,2000,449
15586,2005,438
15586,2010,366
16000,2000,1120851
16000,2005,1111729
16000,2010,1093247
16201,2000,325700
16201,2005,421239
16201,2010,421953
16202,2000,172184
16202,2005,167685
16202,2010,176061
16204,2000,47136
16204,2005,46331
16204,2010,44959
16205,2000,56680
16205,2005,54495
16205,2010,51726
16206,2000,33363
16206,2005,34002
16206,2010,33676
16207,2000,36531
16207,2005,36543
16207,2010,41852
16208,2000,40744
16208,2005,49429
16208,2010,49410
16209,2000,34625
16209,2005,33533
16209,2010,32067
16210,2005,58140
16210,2010,54724
16211,2010,93588
16321,2000,2153
16321,2005,2673
16321,2010,2967
16322,2000,23362
16322,2005,23039
16322,2010,21965
16323,2000,27994
16323,2005,28011
16323,2010,27466
16342,2000,28276
16342,2005,28005
16342,2010,27182
16343,2000,15915
16343,2005,14700
16343,2010,13651
17000,2000,1180977
17000,2005,1174026
17000,2010,1169788
17201,2000,456438
17201,2005,454607
17201,2010,462361
17202,2000,47351
17202,2005,61871
17202,2010,57900
17203,2000,108622
17203,2005,109084
17203,2010,108433
17204,2000,26381
17204,2005,25301
17204,2010,29858
17205,2000,19852
17205,2005,18050
17205,2010,16300
17206,2000,68368
17206,2005,74982
17206,2010,71887
17207,2000,25541
17207,2005,24517
17207,2010,23032
17209,2005,34847
17209,2010,34651
17210,2005,109450
17210,2010,110459
17211,2005,47207
17211,2010,48680
17324,2000,4922
17324,2005,5677
17324,2010,6147
17361,2000,34304
17361,2005,35712
17361,2010,36940
17365,2000,26560
17365,2005,26896
17365,2010,26927
17384,2000,15681
17384,2005,23790
17384,2010,22216
17386,2005,15236
17386,2010,14277
17407,2005,18959
17407,2010,18535
17461,2005,10549
17461,2010,9735
17463,2005,21792
17463,2010,19565
18000,2000,828944
18000,2005,821592
18000,2010,806314
18201,2000,252274
18201,2005,252220
18201,2010,266796
18202,2000,68145
18202,2005,68402
18202,2010,67760
18204,2000,33295
18204,2005,32182
18204,2010,31340
18205,2000,38880
18205,2005,37174
18205,2010,35291
18206,2000,28143
18206,2005,26961
18206,2010,25466
18207,2000,64898
18207,2005,66831
18207,2010,67450
18208,2005,31081
18208,2010,29989
18209,2005,87742
18209,2010,85614
18210,2010,91900
18322,2000,6562
18322,2005,6385
18322,2010,20647
18382,2000,3759
18382,2005,3405
18382,2010,3046
18404,2005,12274
18404,2010,11551
18423,2000,6112
18423,2005,23995
18423,2010,23160
18442,2000,11630
18442,2005,11023
18442,2010,10563
18481,2000,12119
18481,2005,11630
18481,2010,11062
18483,2010,8580
18501,2005,16780
18501,2010,16099
19000,2000,888172
19000,2005,884515
19000,2010,863075
19201,2000,196154
19201,2005,194244
19201,2010,198992
19202,2000,54090
19202,2005,52572
19202,2010,50619
19204,2000,35513
19204,2005,35017
19204,2010,33588
19205,2000,32505
19205,2005,38686
19205,2010,36832
19206,2000,33124
19206,2005,30879
19206,2010,28120
19207,2000,32707
19207,2005,33801
19207,2010,32477
19208,2005,72055
19208,2010,72635
19209,2005,42169
19209,2010,46968
19210,2005,74062
19210,2010,73807
19211,2005,71190
19211,2010,70529
19212,2005,28986
19212,2010,27114
19213,2010,33927
19214,2010,31322
19346,2005,17939
19346,2010,17111
19364,2000,1740
19364,2005,1534
19364,2010,1246
19365,2000,8014
19365,2005,16334
19365,2010,14462
19366,2000,6711
19366,2005,10254
19366,2010,9011
19368,2010,16307
19384,2000,15937
19384,2005,16764
19384,2010,17653
19422,2000,2087
19422,2005,2051
19422,2010,1919
19423,2000,4910
19423,2005,4850
19423,2010,4541
19424,2000,8367
19424,2005,8490
19424,2010,8635
19425,2000,5274
19425,2005,5440
19425,2010,5324
19429,2000,2864
19429,2005,2958
19429,2010,2964
19430,2005,23943
19430,2010,25471
19442,2000,1084
19442,2005,1018
19442,2010,816
19443,2000,866
19443,2005,780
19443,2010,685
20000,2000,2215168
20000,2005,2196114
20000,2010,2152449
20201,2000,360112
20201,2005,378512
20201,2010,381511
20202,2000,208970
20202,2005,227627
20202,2010,243037
20203,2000,125368
20203,2005,123680
20203,2010,159597
20204,2000,56401
20204,2005,54699
20204,2010,52841
20205,2000,107381
20205,2005,108624
20205,2010,105335
20206,2000,53858
20206,2005,53240
20206,2010,51200
20207,2000,54207
20207,2005,53668
20207,2010,52168
20208,2000,46158
20208,2005,45499
20208,2010,43997
20209,2000,62284
20209,2005,62869
20209,2010,71093
20210,2000,34338
20210,2005,34417
20210,2010,33693
20211,2000,42624
20211,2005,46788
20211,2010,45638
20212,2000,31011
20212,2005,29798
20212,2010,29801
20213,2000,26420
20213,2005,24960
20213,2010,23545
20214,2000,54841
20214,2005,57099
20214,2010,56391
20215,2000,64128
20215,2005,68346
20215,2010,67670
20217,2000,66875
20217,2005,100462
20217,2010,100552
20218,2005,64022
20218,2010,62068
20219,2005,31271
20219,2010,30696
20220,2005,96266
20220,2010,96479
20303,2000,5961
20303,2005,5663
20303,2010,5180
20304,2000,4908
20304,2005,4759
20304,2010,4972
20305,2000,3540
20305,2005,3494
20305,2010,3528
20306,2000,1584
20306,2005,1151
20306,2010,1121
20307,2000,1025
20307,2005,942
20307,2010,842
20309,2005,12980
20309,2010,12069
20321,2000,16181
20321,2005,17144
20321,2010,19018
20323,2000,13412
20323,2005,14124
20323,2010,14738
20324,2000,8609
20324,2005,8237
20324,2010,7707
20349,2000,4937
20349,2005,4774
20349,2010,4609
20350,2005,7304
20350,2010,6780
20361,2000,23930
20361,2005,22863
20361,2010,21532
20362,2000,15392
20362,2005,15528
20362,2010,15338
20363,2000,7207
20363,2005,7456
20363,2010,7573
20382,2000,22407
20382,2005,21801
20382,2010,20909
20383,2000,25661
20383,2005,26276
20383,2010,26214
20384,2000,10895
20384,2005,10570
20384,2010,9902
20385,2000,13404
20385,2005,13620
20385,2010,14543
20386,2000,5475
20386,2005,5263
20386,2010,5074
20388,2000,8692
20388,2005,8968
20388,2010,8974
20402,2000,14070
20402,2005,14117
20402,2010,13676
20403,2000,12528
20403,2005,12976
20403,2010,13216
20404,2000,6232
20404,2005,5972
20404,2010,5455
20407,2000,6183
20407,2005,6003
20407,2010,7036
20409,2000,712
20409,2005,688
20409,2010,563
20410,2000,1380
20410,2005,1253
20410,2010,1129
20411,2000,4075
20411,2005,4210
20411,2010,4200
20412,2000,741
20412,2005,735
20412,2010,656
20413,2000,2239
20413,2005,2002
20413,2010,1657
20414,2000,2237
20414,2005,2062
20414,2010,1910
20415,2000,7089
20415,2005,6912
20415,2010,6692
20416,2000,7221
20416,2005,7068
20416,2010,6819
20417,2000,1522
20417,2005,1356
20417,2010,1160
20422,2000,6376
20422,2005,5770
20422,2010,5245
20423,2000,5687
20423,2005,5238
20423,2010,4810
20425,2000,3596
20425,2005,3361
20425,2010,3134
20429,2000,1205
20429,2005,1097
20429,2010,965
20430,2000,4770
20430,2005,4457
20430,2010,4145
20432,2010,12743
20446,2000,3347
20446,2005,3204
20446,2010,2970
20448,2000,2416
20448,2005,2160
20448,2010,1953
20450,2000,7706
20450,2005,8195
20450,2010,8425
20451,2000,4908
20451,2005,4875
20451,2010,4741
20452,2010,5172
20481,2000,10658
20481,2005,10630
20481,2010,10329
20482,2000,9701
20482,2005,10072
20482,2010,10093
20485,2000,9492
20485,2005,9500
20485,2010,9205
20486,2000,4276
20486,2005,3920
20486,2010,3221
20521,2000,16830
20521,2005,16463
20521,2010,15730
20541,2000,11460
20541,2005,11477
20541,2010,11072
20543,2000,7776
20543,2005,7654
20543,2010,7563
20561,2000,15900
20561,2005,14704
20561,2010,13678
20562,2000,5513
20562,2005,5312
20562,2010,4939
20563,2000,4610
20563,2005,4259
20563,2010,3853
20583,2000,10391
20583,2005,9927
20583,2010,9238
20588,2000,3620
20588,2005,3371
20588,2010,3041
20590,2005,12504
20590,2010,11865
20602,2000,2638
20602,2005,2488
20602,2010,2215
21000,2000,2107700
21000,2005,2107226
21000,2010,2080773
21201,2000,402751
21201,2005,399931
21201,2010,413136
21202,2000,150246
21202,2005,151030
21202,2010,161160
21203,2000,66430
21203,2005,96231
21203,2010,92747
21204,2000,104135
21204,2005,103821
21204,2010,112595
21205,2000,74438
21205,2005,92597
21205,2010,91418
21206,2000,54902
21206,2005,84080
21206,2010,80910
21207,2000,24662
21207,2005,23390
21207,2010,22629
21208,2000,42298
21208,2005,42065
21208,2010,40387
21209,2000,64713
21209,2005,66730
21209,2010,67197
21210,2000,35677
21210,2005,55761
21210,2010,53718
21211,2000,50063
21211,2005,52133
21211,2010,54729
21212,2000,63283
21212,2005,62102
21212,2010,60475
21213,2000,131991
21213,2005,144174
21213,2010,145604
21214,2000,91652
21214,2005,97686
21214,2010,97436
21215,2005,30316
21215,2010,29629
21216,2005,50009
21216,2010,51950
21217,2005,28902
21217,2010,26732
21218,2005,34603
21218,2010,35047
21219,2005,47495
21219,2010,44491
21220,2005,38494
21220,2010,36314
21221,2005,39453
21221,2010,37941
21302,2000,22137
21302,2005,22776
21302,2010,23804
21303,2000,22319
21303,2005,22696
21303,2010,22809
21341,2000,33256
21341,2005,32550
21341,2010,31332
21361,2000,28935
21361,2005,28895
21361,2010,28505
21362,2000,9110
21362,2005,8618
21362,2010,8096
21381,2000,20750
21381,2005,20830
21381,2010,20065
21382,2000,9141
21382,2005,9419
21382,2010,10028
21383,2000,15078
21383,2005,15263
21383,2010,15271
21401,2000,19027
21401,2005,26192
21401,2010,23784
21403,2000,23071
21403,2005,23788
21403,2010,23859
21404,2000,23820
21404,2005,24559
21404,2010,24980
21421,2000,17250
21421,2005,17547
21421,2010,18395
21501,2000,8853
21501,2005,8552
21501,2010,8361
21502,2000,5835
21502,2005,5710
21502,2010,5516
21503,2000,11013
21503,2005,10838
21503,2010,10593
21504,2000,5234
21504,2005,4870
21504,2010,4484
21505,2000,13632
21505,2005,12935
21505,2010,12045
21506,2000,11282
21506,2005,10545
21506,2010,9530
21507,2000,2980
21507,2005,2854
21507,2010,2514
21521,2000,19653
21521,2005,19272
21521,2010,18824
21604,2000,2151
21604,2005,1983
21604,2010,1733
22000,2000,3767393
22000,2005,3792377
22000,2010,3765007
22100,2005,700886
22100,2010,716197
22130,2010,800866
22203,2000,207558
22203,2005,208005
22203,2010,202304
22205,2000,42936
22205,2005,41202
22205,2010,39611
22206,2000,110519
22206,2005,112241
22206,2010,111838
22207,2000,120222
22207,2005,121779
22207,2010,132001
22208,2000,71720
22208,2005,72441
22208,2010,71437
22209,2000,75248
22209,2005,96078
22209,2010,100276
22210,2000,234187
22210,2005,236474
22210,2010,254027
22211,2000,86717
22211,2005,170899
22211,2010,168625
22212,2000,118248
22212,2005,120109
22212,2010,143249
22213,2000,80217
22213,2005,117857
22213,2010,116363
22214,2000,128494
22214,2005,129248
22214,2010,142151
22215,2000,82533
22215,2005,85976
22215,2010,89030
22216,2000,59835
22216,2005,82991
22216,2010,84846
22219,2000,27798
22219,2005,26557
22219,2010,25013
22220,2000,52682
22220,2005,53062
22220,2010,54546
22221,2000,43711
22221,2005,44057
22221,2010,60107
22222,2005,36627
22222,2010,34202
22223,2005,35272
22223,2010,34700
22224,2005,47502
22224,2010,47041
22225,2005,50011
22225,2010,49269
22226,2010,49019
22301,2000,15807
22301,2005,15165
22301,2010,14064
22302,2000,8705
22302,2005,8303
22302,2010,7998
22304,2000,10304
22304,2005,10003
22304,2010,9516
22305,2000,8515
22305,2005,8104
22305,2010,7653
22306,2000,7747
22306,2005,10372
22306,2010,9469
22325,2000,38611
22325,2005,38803
22325,2010,38571
22341,2000,30870
22341,2005,31961
22341,2010,32302
22342,2000,36169
22342,2005,38716
22342,2010,40763
22344,2000,22235
22344,2005,21478
22344,2010,20629
22424,2000,27492
22424,2005,28648
22424,2010,29815
22429,2005,8988
22429,2010,8074
22461,2000,20689
22461,2005,20273
22461,2010,19435
23000,2000,7043300
23000,2005,7254704
23000,2010,7410719
23100,2000,2171557
23100,2005,2215062
23100,2010,2263894
23201,2000,364856
23201,2005,372479
23201,2010,376665
23202,2000,336583
23202,2005,354704
23202,2010,372357
23203,2000,273711
23203,2005,371687
23203,2010,378566
23204,2000,131650
23204,2005,131925
23204,2010,132224
23205,2000,110837
23205,2005,115845
23205,2010,118828
23206,2000,287623
23206,2005,295802
23206,2010,305569
23207,2000,117327
23207,2005,120967
23207,2010,181928
23208,2000,65422
23208,2005,65547
23208,2010,65258
23209,2000,67814
23209,2005,71408
23209,2010,72018
23210,2000,132054
23210,2005,142134
23210,2010,145781
23211,2000,351101
23211,2005,412141
23211,2010,421487
23212,2000,158824
23212,2005,170250
23212,2010,178691
23213,2000,100805
23213,2005,104321
23213,2010,106823
23214,2000,82108
23214,2005,82108
23214,2010,82249
23215,2000,72583
23215,2005,74294
23215,2010,75198
23216,2000,50183
23216,2005,51265
23216,2010,54858
23217,2000,97923
23217,2005,99055
23217,2010,99730
23219,2000,143122
23219,2005,147182
23219,2010,147132
23220,2000,100270
23220,2005,136965
23220,2010,136442
23221,2000,36022
23221,2005,52178
23221,2010,49864
23222,2000,99921
23222,2005,104339
23222,2010,107690
23223,2000,75273
23223,2005,80262
23223,2010,85249
23224,2000,80536
23224,2005,83373
23224,2010,84768
23225,2000,62587
23225,2005,66085
23225,2010,68398
23226,2000,75066
23226,2005,78394
23226,2010,81140
23227,2000,38127
23227,2005,41351
23227,2010,44027
23228,2000,46906
23228,2005,47926
23228,2010,47340
23229,2000,66495
23229,2005,68285
23229,2010,69745
23230,2000,70188
23230,2005,78591
23230,2010,84237
23231,2005,66390
23231,2010,64119
23232,2005,65556
23232,2010,64978
23233,2005,55038
23233,2010,65757
23234,2010,81571
23235,2010,43272
23236,2010,60098
23237,2010,86714
23302,2000,36878
23302,2005,39384
23302,2010,41851
23342,2000,13001
23342,2005,13565
23342,2010,14405
23361,2000,20633
23361,2005,21602
23361,2010,22446
23362,2000,31728
23362,2005,32535
23362,2010,33558
23424,2000,27073
23424,2005,28501
23424,2010,29891
23425,2000,36240
23425,2005,36750
23425,2010,36688
23427,2000,4525
23427,2005,4369
23427,2010,4525
23441,2000,24028
23441,2005,24577
23441,2010,25466
23442,2000,45168
23442,2005,48046
23442,2010,49800
23445,2000,23250
23445,2005,21909
23445,2010,20549
23446,2000,26083
23446,2005,26294
23446,2010,25178
23447,2000,39993
23447,2005,40981
23447,2010,42408
23501,2000,33408
23501,2005,35596
23501,2010,37930
23561,2000,5305
23561,2005,6306
23561,2010,5769
23562,2000,4717
23562,2005,4347
23562,2010,3757
23563,2000,1420
23563,2005,1309
23563,2010,1336
24000,2000,1857339
24000,2005,1866963
24000,2010,1854724
24201,2000,163246
24201,2005,165182
24201,2010,285746
24202,2000,291105
24202,2005,303845
24202,2010,307766
24203,2000,100145
24203,2005,97777
24203,2010,130271
24204,2000,123727
24204,2005,168973
24204,2010,168017
24205,2000,108378
24205,2005,138963
24205,2010,140290
24207,2000,186151
24207,2005,193114
24207,2010,199293
24208,2000,83291
24208,2005,82156
24208,2010,80284
24209,2000,23683
24209,2005,22103
24209,2010,20033
24210,2000,39334
24210,2005,49253
24210,2010,51023
24211,2000,24945
24211,2005,23067
24211,2010,21435
24212,2000,20898
24212,2005,19607
24212,2010,19662
24214,2005,46446
24214,2010,45684
24215,2005,58225
24215,2010,54694
24216,2005,100623
24216,2010,97207
24303,2000,7172
24303,2005,6965
24303,2010,6855
24324,2000,26305
24324,2005,25897
24324,2010,25661
24341,2000,37972
24341,2005,38986
24341,2010,39978
24343,2000,6716
24343,2005,7114
24343,2010,9626
24344,2000,11782
24344,2005,13048
24344,2010,14003
24441,2000,10868
24441,2005,10647
24441,2010,15438
24442,2000,22300
24442,2005,22618
24442,2010,22833
24443,2000,7332
24443,2005,7244
24443,2010,10416
24461,2000,14284
24461,2005,14888
24461,2010,15297
24470,2000,9218
24470,2005,9057
24470,2010,8692
24471,2005,10788
24471,2010,9846
24472,2005,16687
24472,2010,14791
24543,2010,18611
24561,2000,10030
24561,2005,9903
24561,2010,9376
24562,2000,7940
24562,2005,7811
24562,2010,11896
25000,2000,1342832
25000,2005,1380361
25000,2010,1410777
25201,2000,288240
25201,2005,301672
25201,2010,337634
25202,2000,107860
25202,2005,109779
25202,2010,112156
25203,2000,60104
25203,2005,62225
25203,2010,124131
25204,2000,68366
25204,2005,68530
25204,2010,81738
25206,2000,115455
25206,2005,121159
25206,2010,130874
25207,2000,65542
25207,2005,70823
25207,2010,76560
25208,2005,59869
25208,2010,63655
25209,2005,93853
25209,2010,92704
25210,2005,49486
25210,2010,49955
25211,2005,55325
25211,2010,54614
25212,2005,53950
25212,2010,52486
25213,2005,78803
25213,2010,115479
25214,2005,41009
25214,2010,40060
25383,2000,23022
25383,2005,22809
25383,2010,22870
25384,2000,13370
25384,2005,13280
25384,2010,12916
25425,2010,20118
25441,2000,7132
25441,2005,7418
25441,2010,7566
25442,2000,8169
25442,2005,8103
25442,2010,7500
25443,2000,8463
25443,2005,8145
25443,2010,7761
26000,2000,2644391
26000,2005,2647660
26000,2010,2636092
26100,2000,1467785
26100,2005,1474811
26100,2010,1474015
26201,2000,68098
26201,2005,67858
26201,2010,79652
26202,2000,94050
26202,2005,91733
26202,2010,88669
26203,2000,38881
26203,2005,37755
26203,2010,35836
26204,2000,189112
26204,2005,189591
26204,2010,189609
26205,2000,23276
26205,2005,21512
26205,2010,19948
26206,2000,94555
26206,2005,93996
26206,2010,92399
26207,2000,84346
26207,2005,81636
26207,2010,80037
26208,2000,53425
26208,2005,55041
26208,2010,54328
26209,2000,77846
26209,2005,78335
26209,2010,79844
26210,2000,73682
26210,2005,74252
26210,2010,74227
26211,2000,59577
26211,2005,64008
26211,2010,67910
26212,2005,62723
26212,2010,59038
26213,2010,35214
26214,2010,69761
26303,2000,15736
26303,2005,15191
26303,2010,15121
26322,2000,17080
26322,2005,16610
26322,2010,15914
26343,2000,9102
26343,2005,8951
26343,2010,8447
26344,2000,9840
26344,2005,10060
26344,2010,9711
26364,2000,2056
26364,2005,1876
26364,2010,1626
26365,2000,5457
26365,2005,4998
26365,2010,4482
26366,2000,26357
26366,2005,34236
26366,2010,35630
26367,2000,3784
26367,2005,3466
26367,2010,3078
26407,2010,15732
26463,2000,3112
26463,2005,2718
26463,2010,2410
26465,2010,23454
27000,2000,8805081
27000,2005,8817166
27000,2010,8865245
27100,2000,2598774
27100,2005,2628811
27100,2010,2665314
27140,2010,841966
27202,2000,200104
27202,2005,201000
27202,2010,199234
27203,2000,391726
27203,2005,386623
27203,2010,389341
27204,2000,101516
27204,2005,101616
27204,2010,104229
27205,2000,347929
27205,2005,353885
27205,2010,355798
27206,2000,75091
27206,2005,77673
27206,2010,77548
27207,2000,357438
27207,2005,351826
27207,2010,357359
27208,2000,88523
27208,2005,90314
27208,2010,90519
27209,2000,152298
27209,2005,147465
27209,2010,146697
27210,2000,402563
27210,2005,404044
27210,2010,407978
27211,2000,260648
27211,2005,267961
27211,2010,274822
27212,2000,274777
27212,2005,273487
27212,2010,271460
27213,2000,96064
27213,2005,98889
27213,2010,100801
27214,2000,126558
27214,2005,123837
27214,2010,119576
27215,2000,250806
27215,2005,241816
27215,2010,238204
27216,2000,121008
27216,2005,117239
27216,2010,112490
27217,2000,132562
27217,2005,127276
27217,2010,124594
27218,2000,128917
27218,2005,126504
27218,2010,127534
27219,2000,172974
27219,2005,177856
27219,2010,184988
27220,2000,124898
27220,2005,127135
27220,2010,129895
27221,2000,79227
27221,2005,77034
27221,2010,74773
27222,2000,119246
27222,2005,118695
27222,2010,117681
27223,2000,135648
27223,2005,131706
27223,2010,130282
27224,2000,85065
27224,2005,85009
27224,2010,83720
27225,2000,62260
27225,2005,61127
27225,2010,59572
27226,2000,66806
27226,2005,65780
27226,2010,66165
27227,2000,515094
27227,2005,513821
27227,2010,509533
27228,2000,64152
27228,2005,64683
27228,2010,64403
27229,2000,55136
27229,2005,57342
27229,2010,57554
27230,2000,76919
27230,2005,77644
27230,2010,77686
27231,2000,56996
27231,2005,58208
27231,2010,58227
27232,2000,58193
27232,2005,57616
27232,2010,56646
27301,2000,30125
27301,2005,29052
27301,2010,28935
27321,2000,25722
27321,2005,23928
27321,2010,21989
27322,2000,14186
27322,2005,12897
27322,2010,11650
27341,2000,17509
27341,2005,17586
27341,2010,18149
27361,2000,42914
27361,2005,44505
27361,2010,45069
27362,2000,6785
27362,2005,7240
27362,2010,8085
27366,2000,19789
27366,2005,18504
27366,2010,17504
27381,2000,14190
27381,2005,14483
27381,2010,14220
27382,2000,17341
27382,2005,17545
27382,2010,17040
27383,2000,6968
27383,2005,6538
27383,2010,6015
28000,2000,5550574
28000,2005,5590601
28000,2010,5588133
28100,2000,1493398
28100,2005,1525393
28100,2010,1544200
28201,2000,478309
28201,2005,482304
28201,2010,536270
28202,2000,466187
28202,2005,462647
28202,2010,453748
28203,2000,293117
28203,2005,291027
28203,2010,290959
28204,2000,438105
28204,2005,465337
28204,2010,482640
28205,2000,41158
28205,2005,38929
28205,2010,47254
28206,2000,83834
28206,2005,90590
28206,2010,93238
28207,2000,192159
28207,2005,192250
28207,2010,196127
28208,2000,34320
28208,2005,32475
28208,2010,31158
28209,2000,47308
28209,2005,89208
28209,2010,85592
28210,2000,266170
28210,2005,267100
28210,2010,266937
28212,2000,52077
28212,2005,51794
28212,2010,50523
28213,2000,37768
28213,2005,43953
28213,2010,42802
28214,2000,213037
28214,2005,219862
28214,2010,225700
28215,2000,76682
28215,2005,75087
28215,2010,81009
28216,2000,96020
28216,2005,94813
28216,2010,93901
28217,2000,153762
28217,2005,157668
28217,2010,156423
28218,2000,49432
28218,2005,49761
28218,2010,49680
28219,2000,111737
28219,2005,113572
28219,2010,114216
28220,2000,51104
28220,2005,49396
28220,2010,47993
28221,2000,46325
28221,2005,45245
28221,2010,43263
28222,2005,28306
28222,2010,26501
28223,2005,70810
28223,2010,67757
28224,2005,52283
28224,2010,49834
28225,2005,34791
28225,2010,32814
28226,2005,49078
28226,2010,46459
28227,2005,43302
28227,2010,40938
28228,2010,40181
28229,2005,81561
28229,2010,80518
28301,2000,29094
28301,2005,30021
28301,2010,31739
28365,2010,23104
28381,2000,32054
28381,2005,31944
28381,2010,31026
28382,2000,33766
28382,2005,33545
28382,2010,33183
28442,2000,14812
28442,2005,14150
28442,2010,13288
28443,2000,19582
28443,2005,20669
28443,2010,19830
28446,2010,12289
28464,2000,31960
28464,2005,32555
28464,2010,33438
28481,2000,18419
28481,2005,17603
28481,2010,16636
28501,2000,8789
28501,2005,21012
28501,2010,19265
28585,2005,21439
28585,2010,19696
28586,2005,17467
28586,2010,16004
29000,2000,1442795
29000,2005,1421310
29000,2010,1400728
29201,2000,366185
29201,2005,370102
29201,2010,366591
29202,2000,73668
29202,2005,70800
29202,2010,68451
29203,2000,94188
29203,2005,91672
29203,2010,89023
29204,2000,72741
29204,2005,71152
29204,2010,69178
29205,2000,125005
29205,2005,124728
29205,2010,125605
29206,2000,63248
29206,2005,61130
29206,2010,60146
29207,2000,35205
29207,2005,37375
29207,2010,34460
29208,2000,34676
29208,2005,32273
29208,2010,30287
29209,2000,112830
29209,2005,113686
29209,2010,118113
29210,2000,63487
29210,2005,70998
29210,2010,75227
29211,2005,34985
29211,2010,35859
29212,2010,34227
29322,2000,4967
29322,2005,4595
29322,2010,4107
29342,2000,20497
29342,2005,20286
29342,2010,19727
29343,2000,23977
29343,2005,23062
29343,2010,23440
29344,2000,28566
29344,2005,27816
29344,2010,27734
29345,2000,8539
29345,2005,8257
29345,2010,7929
29361,2000,9422
29361,2005,9174
29361,2010,8653
29362,2000,8042
29362,2005,7764
29362,2010,7440
29363,2000,32934
29363,2005,33029
29363,2010,32121
29385,2000,2472
29385,2005,2193
29385,2010,1895
29386,2000,2623
29386,2005,2366
29386,2010,2102
29401,2000,8153
29401,2005,7914
29401,2010,7657
29402,2000,6846
29402,2005,6343
29402,2010,5856
29424,2000,24005
29424,2005,24953
29424,2010,23728
29425,2000,23782
29425,2005,22751
29425,2010,22182
29426,2000,31444
29426,2005,32810
29426,2010,33070
29427,2000,20126
29427,2005,19446
29427,2010,18531
29441,2000,11318
29441,2005,9984
29441,2010,8642
29442,2000,20376
29442,2005,20070
29442,2010,19176
29443,2000,8670
29443,2005,7737
29443,2010,7020
29444,2000,1194
29444,2005,1076
29444,2010,840
29446,2000,2104
29446,2005,1800
29446,2010,1572
29447,2000,783
29447,2005,743
29447,2010,524
29449,2000,4854
29449,2005,4390
29449,2010,4107
29450,2000,1292
29450,2005,1212
29450,2010,1039
29451,2000,915
29451,2005,802
29451,2010,683
29452,2000,2558
29452,2005,2045
29452,2010,1643
29453,2000,2909
29453,2005,2608
29453,2010,2143
30000,2000,1069912
30000,2005,1035969
30000,2010,1002198
30201,2000,386551
30201,2005,375591
30201,2010,370364
30202,2000,45507
30202,2005,57744
30202,2010,54783
30203,2000,55071
30203,2005,53929
30203,2010,66361
30204,2000,33661
30204,2005,32143
30204,2010,30592
30205,2000,28034
30205,2005,27053
30205,2010,26111
30206,2000,70360
30206,2005,82499
30206,2010,79119
30207,2000,33133
30207,2005,33790
30207,2010,31498
30208,2010,65840
30209,2010,52882
30304,2010,10391
30341,2000,20331
30341,2005,19670
30341,2010,18230
30343,2000,6073
30343,2005,5516
30343,2010,4963
30344,2000,5355
30344,2005,4632
30344,2010,3975
30361,2000,15410
30361,2005,14742
30361,2010,13210
30362,2000,8361
30362,2005,8071
30362,2010,7714
30366,2010,27162
30381,2000,8802
30381,2005,8462
30381,2010,8077
30382,2000,7148
30382,2005,7344
30382,2010,7432
30383,2000,7625
30383,2005,7179
30383,2010,6508
30390,2000,9769
30390,2005,9192
30390,2010,8606
30391,2005,14200
30391,2010,13470
30392,2005,11305
30392,2010,10509
30401,2000,19722
30401,2005,19206
30401,2010,22696
30404,2000,14501
30404,2005,14775
30404,2010,14807
30406,2000,5952
30406,2005,5293
30406,2010,4730
30421,2000,19417
30421,2005,18185
30421,2010,17080
30422,2000,3777
30422,2005,3506
30422,2010,3250
30424,2000,3726
30424,2005,3426
30424,2010,3103
30427,2000,635
30427,2005,570
30427,2010,486
30428,2005,19931
30428,2010,18249
31000,2000,613289
31000,2005,607012
31000,2010,588667
31201,2000,150439
31201,2005,201740
31201,2010,197449
31202,2000,138756
31202,2005,149584
31202,2010,148271
31203,2000,49711
31203,2005,52592
31203,2010,50720
31204,2000,36843
31204,2005,36459
31204,2010,35259
31302,2000,14015
31302,2005,13270
31302,2010,12362
31325,2000,4998
31325,2005,4378
31325,2010,3873
31328,2000,9383
31328,2005,8647
31328,2010,7718
31329,2005,19434
31329,2010,18427
31364,2000,7921
31364,2005,7509
31364,2010,7015
31370,2005,17525
31370,2010,17029
31371,2005,19499
31371,2010,18531
31372,2005,16052
31372,2010,15442
31384,2000,2971
31384,2005,3073
31384,2010,3339
31386,2000,6730
31386,2005,18897
31386,2010,17491
31389,2005,12070
31389,2010,11536
31390,2005,12343
31390,2010,11621
31401,2000,6696
31401,2005,6112
31401,2010,5460
31402,2000,4516
31402,2005,4185
31402,2010,3745
31403,2000,3921
31403,2005,3643
31403,2010,3379
32000,2000,761503
32000,2005,742223
32000,2010,717397
32201,2000,152616
32201,2005,196603
32201,2010,194258
32202,2000,47187
32202,2005,63046
32202,2010,61713
32203,2000,87330
32203,2005,146307
32203,2010,143796
32204,2000,50128
32204,2005,52368
32204,2010,50015
32205,2000,33609
32205,2005,40703
32205,2010,37996
32206,2000,30520
32206,2005,43839
32206,2010,41836
32207,2000,25773
32207,2005,27774
32207,2010,25697
32209,2005,44403
32209,2010,41917
32343,2005,15812
32343,2010,14456
32386,2005,5979
32386,2010,5534
32441,2000,4784
32441,2005,4324
32441,2010,3900
32448,2005,5911
32448,2010,5351
32449,2005,12944
32449,2010,11959
32501,2000,6098
32501,2005,9515
32501,2010,8427
32505,2005,7362
32505,2010,6810
32525,2000,2672
32525,2005,2581
32525,2010,2374
32526,2000,3804
32526,2005,3486
32526,2010,3136
32527,2000,718
32527,2005,725
32527,2010,657
32528,2005,16904
32528,2010,15521
33000,2000,1950828
33000,2005,1957264
33000,2010,1945276
33100,2010,709584
33202,2000,430291
33202,2005,469377
33202,2010,475513
33203,2000,90156
33203,2005,110569
33203,2010,106788
33204,2000,69567
33204,2005,67047
33204,2010,64588
33205,2000,59300
33205,2005,57272
33205,2010,54225
33207,2000,34817
33207,2005,45104
33207,2010,43927
33208,2000,56531
33208,2005,66584
33208,2010,66201
33209,2000,25374
33209,2005,38799
33209,2010,34963
33210,2000,24576
33210,2005,36073
33210,2010,33870
33211,2000,28683
33211,2005,40241
33211,2010,37839
33212,2005,39081
33212,2010,37852
33213,2005,43913
33213,2010,43458
33214,2005,51782
33214,2010,48964
33215,2005,32479
33215,2010,30498
33216,2010,36114
33346,2000,12670
33346,2005,12249
33346,2010,15362
33423,2000,11915
33423,2005,11921
33423,2010,12214
33445,2000,10782
33445,2005,10823
33445,2010,10916
33461,2000,16230
33461,2005,15713
33461,2010,15092
33586,2000,1051
33586,2005,1019
33586,2010,957
33606,2000,11451
33606,2005,14059
33606,2010,13580
33622,2000,11428
33622,2005,11263
33622,2010,11195
33623,2000,6690
33623,2005,6475
33623,2010,6085
33643,2000,1831
33643,2005,1684
33643,2010,1520
33663,2000,6115
33663,2005,5690
33663,2010,5296
33666,2005,16577
33666,2010,15642
33681,2005,14040
33681,2010,13033
34000,2000,2878915
34000,2005,2876642
34000,2010,2860750
34100,2000,1126239
34100,2005,1154391
34100,2010,1173843
34202,2000,203159
34202,2005,251003
34202,2010,239973
34203,2000,31935
34203,2005,30657
34203,2010,28644
34204,2000,82081
34204,2005,104196
34204,2010,100509
34205,2000,92586
34205,2005,114486
34205,2010,145202
34207,2000,378789
34207,2005,418509
34207,2010,461357
34208,2000,41271
34208,2005,45188
34208,2010,42563
34209,2000,39503
34209,2005,59314
34209,2010,56605
34210,2000,21370
34210,2005,43149
34210,2010,40244
34211,2000,31405
34211,2005,30279
34211,2010,28836
34212,2000,123423
34212,2005,184430
34212,2010,190135
34213,2000,73587
34213,2005,87144
34213,2010,114038
34214,2005,33096
34214,2010,31487
34215,2005,29939
34215,2010,27031
34302,2000,50673
34302,2005,50732
34302,2010,50442
34304,2000,30042
34304,2005,29137
34304,2010,28475
34307,2000,25392
34307,2005,25103
34307,2010,24533
34309,2000,12276
34309,2005,12399
34309,2010,13262
34368,2005,8238
34368,2010,7255
34369,2005,20857
34369,2010,19969
34431,2005,9236
34431,2010,8448
34462,2000,8768
34462,2005,18866
34462,2010,17549
34545,2005,11590
34545,2010,10350
35000,2000,1527964
35000,2005,1492606
35000,2010,1451338
35201,2000,252389
35201,2005,290693
35201,2010,280947
35202,2000,174416
35202,2005,178955
35202,2010,173772
35203,2000,140447
35203,2005,191677
35203,2010,196628
35204,2000,46004
35204,2005,57990
35204,2010,53747
35206,2000,117724
35206,2005,116818
35206,2010,116611
35207,2000,53101
35207,2005,53509
35207,2010,55012
35208,2000,105762
35208,2005,103507
35208,2010,143857
35210,2000,46422
35210,2005,53971
35210,2010,53004
35211,2000,24092
35211,2005,41127
35211,2010,38349
35212,2000,33597
35212,2005,35927
35212,2010,34730
35213,2000,18638
35213,2005,17754
35213,2010,28630
35215,2005,152387
35215,2010,149487
35216,2005,66261
35216,2010,64550
35305,2005,21392
35305,2010,19084
35321,2000,6732
35321,2005,6441
35321,2010,6378
35341,2000,4307
35341,2005,3706
35341,2010,3332
35343,2000,16217
35343,2005,16287
35343,2010,15986
35344,2000,14580
35344,2005,14203
35344,2010,13491
35502,2000,4555
35502,2005,4101
35502,2010,3743
36000,2000,824108
36000,2005,809950
36000,2010,785491
36201,2000,268218
36201,2005,267833
36201,2010,264548
36202,2000,64620
36202,2005,63200
36202,2010,61513
36203,2000,43078
36203,2005,42115
36203,2010,40614
36204,2000,56728
36204,2005,54925
36204,2010,76063
36205,2005,45782
36205,2010,44020
36206,2005,41076
36206,2010,39247
36207,2005,34565
36207,2010,32484
36208,2010,29951
36301,2000,6736
36301,2005,6303
36301,2010,5765
36302,2000,2124
36302,2005,1955
36302,2010,1783
36321,2000,3016
36321,2005,2800
36321,2010,2588
36341,2000,26023
36341,2005,26068
36341,2010,25954
36342,2000,7798
36342,2005,6924
36342,2010,6038
36368,2005,10695
36368,2010,9318
36383,2000,5755
36383,2005,5391
36383,2010,4826
36387,2010,7765
36388,2010,10446
36401,2000,14267
36401,2005,14926
36401,2010,15070
36402,2000,19823
36402,2005,20703
36402,2010,21658
36403,2000,30368
36403,2005,32286
36403,2010,33338
36404,2000,14637
36404,2005,14519
36404,2010,14241
36405,2000,12952
36405,2005,13123
36405,2010,12727
36468,2005,11722
36468,2010,10490
36489,2010,15044
37000,2000,1022890
37000,2005,1012400
37000,2010,995842
37201,2000,332865
37201,2005,337902
37201,2010,419429
37202,2000,80105
37202,2005,110085
37202,2010,110473
37203,2000,59228
37203,2005,57266
37203,2010,55621
37204,2000,36413
37204,2005,35495
37204,2010,33817
37205,2000,44755
37205,2005,44086
37205,2010,62690
37206,2005,55754
37206,2010,53000
37207,2005,35929
37207,2010,33625
37208,2010,68512
37322,2000,17711
37322,2005,16411
37322,2010,15123
37324,2010,16152
37341,2000,28769
37341,2005,28790
37341,2010,28464
37364,2000,3705
37364,2005,3538
37364,2010,3325
37386,2000,15978
37386,2005,17460
37386,2010,18434
37387,2010,24625
37403,2000,11335
37403,2005,10747
37403,2010,9967
37404,2000,23657
37404,2005,23613
37404,2010,23498
37406,2010,19087
38000,2000,1493092
38000,2005,1467815
38000,2010,1431493
38201,2000,473379
38201,2005,514937
38201,2010,517231
38202,2000,117930
38202,2005,173983
38202,2010,166532
38203,2000,62126
38203,2005,89444
38203,2010,84210
38204,2000,33285
38204,2005,41264
38204,2010,38370
38205,2000,125537
38205,2005,123952
38205,2010,121735
38206,2000,58110
38206,2005,113371
38206,2010,112091
38207,2000,39011
38207,2005,50786
38207,2010,47157
38210,2000,30547
38210,2005,39493
38210,2010,38017
38213,2005,92854
38213,2010,90187
38214,2005,44948
38214,2010,42080
38215,2005,35278
38215,2010,35253
38356,2005,8098
38356,2010,7648
38386,2005,10946
38386,2010,9644
38401,2000,30277
38401,2005,30564
38401,2010,30359
38402,2000,20961
38402,2005,22424
38402,2010,21981
38422,2000,11231
38422,2005,19620
38422,2010,18045
38442,2000,6569
38442,2005,12095
38442,2010,10882
38484,2000,4906
38484,2005,4690
38484,2010,4377
38488,2005,12432
38488,2010,11633
38506,2005,26636
38506,2010,24061
39000,2000,813949
39000,2005,796292
39000,2010,764456
39201,2000,330654
39201,2005,333484
39201,2010,343393
39202,2000,19472
39202,2005,17490
39202,2010,15210
39203,2000,21321
39203,2005,20348
39203,2010,19547
39204,2000,49965
39204,2005,50758
39204,2010,49472
39205,2000,30338
39205,2005,30011
39205,2010,28686
39206,2000,27569
39206,2005,26039
39206,2010,24698
39208,2000,25970
39208,2005,24397
39208,2010,22610
39209,2000,18512
39209,2005,17281
39209,2010,16029
39210,2005,37917
39210,2010,35933
39211,2010,33830
39212,2010,28766
39301,2000,3744
39301,2005,3386
39301,2010,2947
39302,2000,4027
39302,2005,3727
39302,2010,3542
39303,2000,3315
39303,2005,3236
39303,2010,2932
39304,2000,3535
39304,2005,3297
39304,2010,2970
39305,2000,1591
39305,2005,1478
39305,2010,1367
39306,2000,1195
39306,2005,1170
39306,2010,1013
39307,2000,4366
39307,2005,4208
39307,2010,4048
39341,2000,4657
39341,2005,4374
39341,2010,4103
39344,2000,6378
39344,2005,5492
39344,2010,4719
39363,2000,5035
39363,2005,4632
39363,2010,4358
39364,2000,569
39364,2005,538
39364,2010,411
39386,2005,27068
39386,2010,25062
39387,2005,7347
39387,2010,6500
39401,2000,7011
39401,2005,6784
39401,2010,7584
39402,2000,14777
39402,2005,14447
39402,2010,13951
39403,2000,7411
39403,2005,6952
39403,2010,6374
39405,2000,4860
39405,2005,4625
39405,2010,3984
39410,2000,5968
39410,2005,5895
39410,2010,5447
39411,2005,6862
39411,2010,6407
39412,2010,18733
39424,2000,6956
39424,2005,6437
39424,2010,5783
39427,2000,1871
39427,2005,1808
39427,2010,1681
39428,2010,12366
40000,2000,5015699
40000,2005,5049908
40000,2010,5071968
40100,2000,1011471
40100,2005,993525
40100,2010,976846
40130,2000,1341470
40130,2005,1401279
40130,2010,1463743
40202,2000,138629
40202,2005,131090
40202,2010,123638
40203,2000,236543
40203,2005,306434
40203,2010,302402
40204,2000,59182
40204,2005,57497
40204,2010,57686
40205,2000,80651
40205,2005,79365
40205,2010,131492
40206,2000,54027
40206,2005,51534
40206,2010,50605
40207,2000,41815
40207,2005,74539
40207,2010,71375
40210,2000,39610
40210,2005,38951
40210,2010,69057
40211,2000,47348
40211,2005,47844
40211,2010,48512
40212,2000,41338
40212,2005,39213
40212,2010,37448
40213,2000,69737
40213,2005,70070
40213,2010,70468
40214,2000,29133
40214,2005,28104
40214,2010,27031
40215,2000,48032
40215,2005,46560
40215,2010,44210
40216,2000,54583
40216,2005,57481
40216,2010,58499
40217,2000,93049
40217,2005,97571
40217,2010,100172
40218,2000,105219
40218,2005,108402
40218,2010,106780
40219,2000,89414
40219,2005,92748
40219,2010,95087
40220,2000,81588
40220,2005,94148
40220,2010,95501
40221,2000,66099
40221,2005,67087
40221,2010,70482
40223,2000,55476
40223,2005,55943
40223,2010,57920
40224,2005,55677
40224,2010,55431
40225,2005,32902
40225,2010,31640
40226,2010,30081
40227,2010,42589
40228,2010,56355
40229,2010,40732
40230,2010,98435
40341,2000,38126
40341,2005,39136
40341,2010,38592
40342,2000,29389
40342,2005,30985
40342,2010,31318
40343,2000,37794
40343,2005,40557
40343,2010,43564
40344,2000,25086
40344,2005,25601
40344,2010,26044
40345,2000,22431
40345,2005,23447
40345,2010,24679
40348,2000,7640
40348,2005,7858
40348,2010,8373
40349,2000,34811
40349,2005,37685
40349,2010,41997
40381,2000,15827
40381,2005,16247
40381,2010,15369
40382,2000,31623
40382,2005,30679
40382,2010,30021
40383,2000,30417
40383,2005,31332
40383,2010,32119
40384,2000,19309
40384,2005,19279
40384,2010,19160
40401,2000,9730
40401,2005,9253
40401,2010,8602
40402,2000,19266
40402,2005,18204
40402,2010,17088
40421,2000,14760
40421,2005,14535
40421,2010,13863
40447,2005,29353
40447,2010,29155
40448,2005,2749
40448,2010,2432
40503,2000,15227
40503,2005,15400
40503,2010,15284
40522,2000,13862
40522,2005,14282
40522,2010,14350
40544,2000,19779
40544,2005,20248
40544,2010,20253
40601,2000,13104
40601,2005,12369
40601,2010,11685
40602,2000,12750
40602,2005,11810
40602,2010,10909
40604,2000,10469
40604,2005,10216
40604,2010,9617
40605,2000,20190
40605,2005,20115
40605,2010,18264
40608,2000,5943
40608,2005,5741
40608,2010,5503
40609,2000,3636
40609,2005,3408
40609,2010,3251
40610,2010,24714
40621,2000,35604
40621,2005,34387
40621,2010,36005
40625,2010,21572
40642,2000,7188
40642,2005,7053
40642,2010,6792
40646,2010,7852
40647,2010,19544
41000,2000,876654
41000,2005,866369
41000,2010,849788
41201,2000,167955
41201,2005,206967
41201,2010,237506
41202,2000,78945
41202,2005,128564
41202,2010,126926
41203,2000,60726
41203,2005,64723
41203,2010,69074
41204,2000,23949
41204,2005,22739
41204,2010,21404
41205,2000,59143
41205,2005,58190
41205,2010,57161
41206,2000,34603
41206,2005,33697
41206,2010,50699
41207,2000,33215
41207,2005,32117
41207,2010,30720
41208,2005,45852
41208,2010,45133
41209,2010,28984
41210,2010,32899
41327,2010,16405
41341,2000,19176
41341,2005,18889
41341,2010,17837
41345,2000,8672
41345,2005,9090
41345,2010,9224
41346,2005,27157
41346,2010,26175
41387,2000,6986
41387,2005,6738
41387,2010,6379
41401,2000,12964
41401,2005,12296
41401,2010,20929
41423,2000,8503
41423,2005,7956
41423,2010,7369
41424,2000,9584
41424,2005,9628
41424,2010,9515
41425,2000,13757
41425,2005,27057
41425,2010,25607
41441,2000,11140
41441,2005,10660
41441,2010,9842
42000,2000,1516523
42000,2005,1478632
42000,2010,1426779
42201,2000,423167
42201,2005,442699
42201,2010,443766
42202,2000,240838
42202,2005,248041
42202,2010,261101
42203,2000,39605
42203,2005,38316
42203,2010,47455
42204,2000,95182
42204,2005,144034
42204,2010,140752
42205,2000,84414
42205,2005,88040
42205,2010,90517
42207,2000,23900
42207,2005,38389
42207,2010,34905
42208,2000,22082
42208,2005,21221
42208,2010,25145
42209,2005,38481
42209,2010,34407
42210,2005,31414
42210,2010,29377
42211,2005,44765
42211,2010,40622
42212,2005,33680
42212,2010,31176
42213,2010,47245
42214,2010,50363
42307,2000,40356
42307,2005,42655
42307,2010,42535
42308,2000,28065
42308,2005,29127
42308,2010,30110
42321,2000,10026
42321,2005,9657
42321,2010,8903
42322,2000,15325
42322,2005,15158
42322,2010,14651
42323,2000,15462
42323,2005,15367
42323,2010,15227
42383,2000,3765
42383,2005,3268
42383,2010,2849
42391,2000,13335
42391,2005,13697
42391,2010,13599
42411,2005,25039
42411,2010,22074
43000,2000,1859344
43000,2005,1842233
43000,2010,1817426
43202,2000,106141
43202,2005,136886
43202,2010,132266
43203,2000,38814
43203,2005,37583
43203,2010,35611
43204,2000,56905
43204,2005,55960
43204,2010,55321
43205,2000,31147
43205,2005,29120
43205,2010,26978
43206,2000,45648
43206,2005,45341
43206,2010,69541
43208,2000,32944
43208,2005,57726
43208,2010,55391
43210,2000,27342
43210,2005,51862
43210,2010,50194
43211,2000,37255
43211,2005,38023
43211,2010,37727
43212,2005,32502
43212,2010,29902
43213,2005,63089
43213,2010,61878
43214,2005,29636
43214,2010,28444
43215,2010,89065
43216,2010,55002
43348,2005,12254
43348,2010,11388
43364,2000,5781
43364,2005,5626
43364,2010,5554
43367,2000,11821
43367,2005,11203
43367,2010,10564
43368,2000,17956
43368,2005,17381
43368,2010,16594
43369,2010,11247
43403,2000,28021
43403,2005,29107
43403,2010,31234
43404,2000,28360
43404,2005,32434
43404,2010,37734
43423,2000,4657
43423,2005,4687
43423,2010,4429
43424,2000,8954
43424,2005,8621
43424,2010,7877
43425,2000,1824
43425,2005,1708
43425,2010,1606
43428,2000,7300
43428,2005,7081
43428,2010,6716
43432,2000,5728
43432,2005,6352
43432,2010,6792
43433,2005,12254
43433,2010,11972
43441,2000,18532
43441,2005,18116
43441,2010,17888
43442,2000,8145
43442,2005,8492
43442,2010,8676
43443,2000,32160
43443,2005,32782
43443,2010,32676
43444,2000,12012
43444,2005,11604
43444,2010,11181
43447,2005,18761
43447,2010,16981
43468,2005,13232
43468,2010,12715
43482,2000,17021
43482,2005,20840
43482,2010,19316
43484,2000,5741
43484,2005,5424
43484,2010,5062
43501,2000,11975
43501,2005,11647
43501,2010,11075
43505,2000,12072
43505,2005,11398
43505,2010,10554
43506,2000,5018
43506,2005,4726
43506,2010,4375
43507,2000,2706
43507,2005,2597
43507,2010,2405
43510,2000,5526
43510,2005,5398
43510,2010,4934
43511,2000,1530
43511,2005,1358
43511,2010,1205
43512,2000,4104
43512,2005,3901
43512,2010,3681
43513,2000,5201
43513,2005,4786
43513,2010,4249
43514,2005,17300
43514,2010,16638
43531,2000,9436
43531,2005,8927
43531,2010,8314
44000,2000,1221140
44000,2005,1209571
44000,2010,1196529
44201,2000,436470
44201,2005,462317
44201,2010,474094
44202,2000,126523
44202,2005,126959
44202,2010,125385
44203,2000,67083
44203,2005,84368
44203,2010,84312
44204,2000,62507
44204,2005,74165
44204,2010,70940
44205,2000,50120
44205,2005,80297
44205,2010,76951
44206,2000,35786
44206,2005,43352
44206,2010,41469
44207,2000,23164
44207,2005,21456
44207,2010,19917
44208,2000,17489
44208,2005,26534
44208,2010,24423
44209,2000,18506
44209,2005,25114
44209,2010,23906
44210,2000,22746
44210,2005,33567
44210,2010,32083
44211,2000,49312
44211,2005,60809
44211,2010,59008
44212,2005,41548
44212,2010,39452
44213,2005,35386
44213,2010,34702
44214,2010,32002
44322,2000,2761
44322,2005,2469
44322,2010,2189
44341,2000,26142
44341,2005,27640
44341,2010,28221
44461,2000,11566
44461,2005,11108
44461,2010,10421
44462,2000,18988
44462,2005,18276
44462,2010,17054
45000,2000,1170007
45000,2005,1153042
45000,2010,1135233
45201,2000,305755
45201,2005,310123
45201,2010,400583
45202,2000,131922
45202,2005,133062
45202,2010,169602
45203,2000,124761
45203,2005,121635
45203,2010,131182
45204,2000,45998
45204,2005,44227
45204,2010,57689
45205,2000,40346
45205,2005,38923
45205,2010,48270
45206,2000,58996
45206,2005,58666
45206,2010,63223
45207,2000,23647
45207,2005,22118
45207,2010,20453
45208,2000,35381
45208,2005,34087
45208,2010,32614
45209,2000,24906
45209,2005,23079
45209,2010,21606
45341,2000,24056
45341,2005,24545
45341,2010,24800
45361,2000,11254
45361,2005,10623
45361,2010,10000
45382,2000,22367
45382,2005,21692
45382,2010,20909
45383,2000,7596
45383,2005,7478
45383,2010,7224
45401,2000,22748
45401,2005,22522
45401,2010,21733
45402,2000,19058
45402,2005,18608
45402,2010,18092
45403,2000,1480
45403,2005,1307
45403,2010,1241
45404,2000,5759
45404,2005,5531
45404,2010,5177
45405,2000,17630
45405,2005,17323
45405,2010,17009
45406,2000,12321
45406,2005,11811
45406,2010,11137
45421,2000,19287
45421,2005,19207
45421,2010,18854
45429,2000,2402
45429,2005,2119
45429,2010,1882
45430,2000,3769
45430,2005,3478
45430,2010,3092
45431,2010,6248
45441,2000,15843
45441,2005,14778
45441,2010,13723
45442,2000,5445
45442,2005,5031
45442,2010,4463
45443,2000,5079
45443,2005,4812
45443,2010,4427
46000,2000,1786194
46000,2005,1753179
46000,2010,1706242
46201,2000,552098
46201,2005,604367
46201,2010,605846
46203,2000,81084
46203,2005,81471
46203,2010,105070
46204,2000,26317
46204,2005,25150
46204,2010,23638
46206,2000,26270
46206,2005,25072
46206,2010,23154
46208,2000,39708
46208,2005,39155
46208,2010,55621
46210,2000,30640
46210,2005,29649
46210,2010,44396
46213,2000,18866
46213,2005,18198
46213,2010,16951
46214,2000,20107
46214,2005,18928
46214,2010,17248
46215,2005,102370
46215,2010,99589
46216,2005,52411
46216,2010,50822
46217,2005,42287
46217,2010,39221
46218,2010,127487
46219,2010,31144
46220,2010,38704
46221,2010,33034
46222,2010,46121
46223,2010,39065
46224,2010,29304
46225,2010,74809
46303,2000,500
46303,2005,462
46303,2010,418
46304,2000,756
46304,2005,673
46304,2010,657
46392,2005,25688
46392,2010,24109
46404,2000,5215
46404,2005,5003
46404,2010,11105
46452,2005,12566
46452,2010,11595
46468,2000,16018
46468,2005,15303
46468,2010,14215
46482,2000,7530
46482,2005,7122
46482,2010,6802
46490,2005,10015
46490,2010,8987
46491,2005,9897
46491,2010,8815
46492,2005,18307
46492,2010,17160
46501,2000,9675
46501,2005,9194
46501,2010,8696
46502,2000,7154
46502,2005,6751
46502,2010,6218
46505,2010,13589
46523,2000,2104
46523,2005,2013
46523,2010,1765
46524,2000,2243
46524,2005,2048
46524,2010,1932
46525,2000,11649
46525,2005,10782
46525,2010,9874
46527,2000,6002
46527,2005,6002
46527,2010,6078
46529,2000,9041
46529,2005,8572
46529,2010,8169
46530,2000,13127
46530,2005,12892
46530,2010,12090
46531,2000,7212
46531,2005,7020
46531,2010,6653
46532,2000,7769
46532,2005,7255
46532,2010,6844
46533,2000,7736
46533,2005,7436
46533,2010,7114
46534,2000,7435
46534,2005,7115
46534,2010,6806
46535,2000,6099
46535,2005,5731
46535,2010,5327
47000,2000,1318220
47000,2005,1361594
47000,2010,1392818
47201,2000,301032
47201,2005,312393
47201,2010,315954
47205,2000,86744
47205,2005,89769
47205,2010,91928
47207,2000,43302
47207,2005,45183
47207,2010,46922
47208,2000,102734
47208,2005,106049
47208,2010,110351
47209,2000,56606
47209,2005,59463
47209,2010,60231
47210,2000,54974
47210,2005,55816
47210,2010,57320
47211,2000,119686
47211,2005,126400
47211,2010,130249
47212,2005,52516
47212,2010,57261
47213,2005,113535
47213,2010,116979
47214,2005,53493
47214,2010,52039
47215,2010,39758
47301,2000,5825
47301,2005,5546
47301,2010,5188
47302,2000,3281
47302,2005,3371
47302,2010,3221
47303,2000,1867
47303,2005,1825
47303,2010,1794
47306,2000,9492
47306,2005,9476
47306,2010,9257
47308,2000,14522
47308,2005,14383
47308,2010,13870
47311,2000,9064
47311,2005,9635
47311,2010,10144
47313,2000,4749
47313,2005,5042
47313,2010,5331
47314,2000,10106
47314,2005,10619
47314,2010,11066
47315,2000,5112
47315,2005,5110
47315,2010,4737
47324,2000,36115
47324,2005,37306
47324,2010,38200
47325,2000,13661
47325,2005,13629
47325,2010,13827
47326,2000,25554
47326,2005,26848
47326,2010,27264
47327,2000,15745
47327,2005,15790
47327,2010,15951
47328,2000,14987
47328,2005,15798
47328,2010,17680
47329,2000,32777
47329,2005,33733
47329,2010,34766
47348,2000,15109
47348,2005,15343
47348,2010,16318
47350,2000,32099
47350,2005,33537
47350,2010,35244
47353,2000,730
47353,2005,790
47353,2010,760
47354,2000,1026
47354,2005,1077
47354,2010,865
47355,2000,960
47355,2005,936
47355,2010,863
47356,2000,523
47356,2005,531
47356,2010,452
47357,2000,1445
47357,2005,1448
47357,2010,1442
47358,2000,671
47358,2005,588
47358,2010,665
47359,2000,1530
47359,2005,1547
47359,2010,1385
47360,2000,1897
47360,2005,1762
47360,2010,1589
47361,2005,9177
47361,2010,8519
47362,2010,26681
47375,2000,1338
47375,2005,1370
47375,2010,1231
47381,2000,3551
47381,2005,4192
47381,2010,3859
47382,2000,1852
47382,2005,1796
47382,2010,1657
