municipality_code,name,kind,xit001_method,xit001_param,center_lat,center_lng,notes
01000,北海道,都道府県,area,01,43.3439,142.2902,北海道
01100,札幌市,政令市,city_sum,01101-01110,43.3439,142.2902,北海道
01101,札幌市中央区,市町村,city,01101,43.0384,141.3021,北海道
01102,札幌市北区,市町村,city,01102,43.1347,141.3540,北海道
01103,札幌市東区,市町村,city,01103,43.1087,141.4013,北海道
01104,札幌市白石区,市町村,city,01104,43.0603,141.4252,北海道
01105,札幌市豊平区,市町村,city,01105,42.9998,141.3890,北海道
01106,札幌市南区,市町村,city,01106,42.9471,141.1816,北海道
01107,札幌市西区,市町村,city,01107,43.0639,141.2431,北海道
01108,札幌市厚別区,市町村,city,01108,43.0433,141.4738,北海道
01109,札幌市手稲区,市町村,city,01109,43.1158,141.2245,北海道
01110,札幌市清田区,市町村,city,01110,42.9620,141.4314,北海道
01202,函館市,市町村,city,01202,41.8375,140.9258,北海道
01203,小樽市,市町村,city,01203,43.1564,141.0263,北海道
01204,旭川市,市町村,city,01204,43.7579,142.3701,北海道
01205,室蘭市,市町村,city,01205,42.3665,140.9884,北海道
01206,釧路市,市町村,city,01206,43.2324,144.1601,北海道
01207,帯広市,市町村,city,01207,42.7574,143.0306,北海道
01208,北見市,市町村,city,01208,43.8516,143.7152,北海道
01209,夕張市,市町村,city,01209,43.0434,142.1106,北海道
01210,岩見沢市,市町村,city,01210,43.1809,141.7974,北海道
01211,網走市,市町村,city,01211,43.9857,144.2105,北海道
01212,留萌市,市町村,city,01212,43.8856,141.7556,北海道
01213,苫小牧市,市町村,city,01213,42.6823,141.5795,北海道
01214,稚内市,市町村,city,01214,45.3325,141.8282,北海道
01215,美唄市,市町村,city,01215,43.3381,141.8818,北海道
01216,芦別市,市町村,city,01216,43.4254,142.2016,北海道
01217,江別市,市町村,city,01217,43.1073,141.5439,北海道
01218,赤平市,市町村,city,01218,43.5679,142.0628,北海道
01219,紋別市,市町村,city,01219,44.2032,143.2926,北海道
01220,士別市,市町村,city,01220,44.1152,142.5405,北海道
01221,名寄市,市町村,city,01221,44.3395,142.4593,北海道
01222,三笠市,市町村,city,01222,43.2398,141.9927,北海道
01223,根室市,市町村,city,01223,43.2744,145.4656,北海道
01224,千歳市,市町村,city,01224,42.8005,141.5095,北海道
01225,滝川市,市町村,city,01225,43.6084,141.9499,北海道
01226,砂川市,市町村,city,01226,43.5033,141.9327,北海道
01227,歌志内市,市町村,city,01227,43.4937,142.0388,北海道
01228,深川市,市町村,city,01228,43.7933,142.0992,北海道
01229,富良野市,市町村,city,01229,43.2818,142.4735,北海道
01230,登別市,市町村,city,01230,42.4656,141.0758,北海道
01231,恵庭市,市町村,city,01231,42.8712,141.4641,北海道
01233,伊達市,市町村,city,01233,42.6926,141.0899,北海道
01234,北広島市,市町村,city,01234,42.9616,141.5149,北海道
01235,石狩市,市町村,city,01235,43.4658,141.4429,北海道
01236,北斗市,市町村,city,01236,41.8641,140.5542,北海道
01303,当別町,市町村,city,01303,43.3636,141.5627,北海道
01304,新篠津村,市町村,city,01304,43.2244,141.6149,北海道
01331,松前町,市町村,city,01331,41.5160,140.0910,北海道
01332,福島町,市町村,city,01332,41.5256,140.2496,北海道
01333,知内町,市町村,city,01333,41.6031,140.3420,北海道
01334,木古内町,市町村,city,01334,41.7276,140.4154,北海道
01337,七飯町,市町村,city,01337,41.9488,140.7003,北海道
01343,鹿部町,市町村,city,01343,42.0214,140.7825,北海道
01345,森町,市町村,city,01345,42.0701,140.5623,北海道
01346,八雲町,市町村,city,01346,42.1899,140.2005,北海道
01347,長万部町,市町村,city,01347,42.5212,140.3119,北海道
01361,江差町,市町村,city,01361,41.8858,140.1774,北海道
01362,上ノ国町,市町村,city,01362,41.7139,140.1734,北海道
01363,厚沢部町,市町村,city,01363,41.9219,140.3431,北海道
01364,乙部町,市町村,city,01364,42.0221,140.1832,北海道
01367,奥尻町,市町村,city,01367,42.1554,139.4733,北海道
01370,今金町,市町村,city,01370,42.4437,140.0937,北海道
01371,せたな町,市町村,city,01371,42.3832,139.9019,北海道
01391,島牧村,市町村,city,01391,42.6554,140.0706,北海道
01392,寿都町,市町村,city,01392,42.7909,140.2996,北海道
01393,黒松内町,市町村,city,01393,42.6672,140.3638,北海道
01394,蘭越町,市町村,city,01394,42.8003,140.4912,北海道
01395,ニセコ町,市町村,city,01395,42.7798,140.6742,北海道
01396,真狩村,市町村,city,01396,42.7575,140.7982,北海道
01397,留寿都村,市町村,city,01397,42.7183,140.9000,北海道
01398,喜茂別町,市町村,city,01398,42.7983,141.0052,北海道
01399,京極町,市町村,city,01399,42.8877,140.9427,北海道
01400,倶知安町,市町村,city,01400,42.9137,140.7796,北海道
01401,共和町,市町村,city,01401,42.9883,140.6274,北海道
01402,岩内町,市町村,city,01402,42.9375,140.4786,北海道
01403,泊村,市町村,city,01403,43.1008,140.5154,北海道
01404,神恵内村,市町村,city,01404,43.1937,140.4328,北海道
01405,積丹町,市町村,city,01405,43.2879,140.4778,北海道
01406,古平町,市町村,city,01406,43.1880,140.6096,北海道
01407,仁木町,市町村,city,01407,43.0908,140.7350,北海道
01408,余市町,市町村,city,01408,43.1765,140.7741,北海道
01409,赤井川村,市町村,city,01409,43.0552,140.9065,北海道
01423,南幌町,市町村,city,01423,43.0596,141.6334,北海道
01424,奈井江町,市町村,city,01424,43.4183,141.9249,北海道
01425,上砂川町,市町村,city,01425,43.4485,142.0038,北海道
01427,由仁町,市町村,city,01427,42.9412,141.8625,北海道
01428,長沼町,市町村,city,01428,42.9894,141.6949,北海道
01429,栗山町,市町村,city,01429,43.0266,141.8709,北海道
01430,月形町,市町村,city,01430,43.3698,141.6730,北海道
01431,浦臼町,市町村,city,01431,43.4386,141.7891,北海道
01432,新十津川町,市町村,city,01432,43.5904,141.7281,北海道
01433,妹背牛町,市町村,city,01433,43.7076,141.9447,北海道
01434,秩父別町,市町村,city,01434,43.7748,141.9591,北海道
01436,雨竜町,市町村,city,01436,43.6948,141.7503,北海道
01437,北竜町,市町村,city,01437,43.7643,141.7910,北海道
01438,沼田町,市町村,city,01438,43.8856,141.9626,北海道
01452,鷹栖町,市町村,city,01452,43.8893,142.3365,北海道
01453,東神楽町,市町村,city,01453,43.6742,142.4909,北海道
01454,当麻町,市町村,city,01454,43.8192,142.5942,北海道
01455,比布町,市町村,city,01455,43.9186,142.4850,北海道
01456,愛別町,市町村,city,01456,43.9430,142.6355,北海道
01457,上川町,市町村,city,01457,43.7510,142.9279,北海道
01458,東川町,市町村,city,01458,43.6729,142.6849,北海道
01459,美瑛町,市町村,city,01459,43.5580,142.6119,北海道
01460,上富良野町,市町村,city,01460,43.4540,142.5270,北海道
01461,中富良野町,市町村,city,01461,43.4027,142.4291,北海道
01462,南富良野町,市町村,city,01462,43.1670,142.5611,北海道
01463,占冠村,市町村,city,01463,43.0082,142.4755,北海道
01464,和寒町,市町村,city,01464,44.0105,142.3744,北海道
01465,剣淵町,市町村,city,01465,44.1036,142.3415,北海道
01468,下川町,市町村,city,01468,44.3136,142.7167,北海道
01469,美深町,市町村,city,01469,44.5404,142.3961,北海道
01470,音威子府村,市町村,city,01470,44.7148,142.2473,北海道
01471,中川町,市町村,city,01471,44.6903,142.0934,北海道
01472,幌加内町,市町村,city,01472,44.2309,142.1544,北海道
01481,増毛町,市町村,city,01481,43.7881,141.5358,北海道
01482,小平町,市町村,city,01482,44.0585,141.8396,北海道
01483,苫前町,市町村,city,01483,44.2064,141.8367,北海道
01484,羽幌町,市町村,city,01484,44.3334,141.8953,北海道
01485,初山別村,市町村,city,01485,44.5065,141.8406,北海道
01486,遠別町,市町村,city,01486,44.6202,141.9335,北海道
01487,天塩町,市町村,city,01487,44.8796,141.8616,北海道
01511,猿払村,市町村,city,01511,45.2254,142.1128,北海道
01512,浜頓別町,市町村,city,01512,45.0758,142.3083,北海道
01513,中頓別町,市町村,city,01513,44.9135,142.2779,北海道
01514,枝幸町,市町村,city,01514,44.7744,142.5429,北海道
01516,豊富町,市町村,city,01516,45.1458,141.7919,北海道
01517,礼文町,市町村,city,01517,45.3749,141.0259,北海道
01518,利尻町,市町村,city,01518,45.1618,141.1960,北海道
01519,利尻富士町,市町村,city,01519,45.1889,141.2545,北海道
01520,幌延町,市町村,city,01520,45.0014,141.9522,北海道
01543,美幌町,市町村,city,01543,43.7546,144.1328,北海道
01544,津別町,市町村,city,01544,43.6075,144.0029,北海道
01545,斜里町,市町村,city,01545,43.9772,144.9210,北海道
01546,清里町,市町村,city,01546,43.7330,144.5998,北海道
01547,小清水町,市町村,city,01547,43.8142,144.4569,北海道
01549,訓子府町,市町村,city,01549,43.7010,143.7322,北海道
01550,置戸町,市町村,city,01550,43.6321,143.4552,北海道
01552,佐呂間町,市町村,city,01552,44.0243,143.7842,北海道
01555,遠軽町,市町村,city,01555,43.9067,143.3107,北海道
01559,湧別町,市町村,city,01559,44.1274,143.6064,北海道
01560,滝上町,市町村,city,01560,44.1035,143.0125,北海道
01561,興部町,市町村,city,01561,44.3968,143.0913,北海道
01562,西興部村,市町村,city,01562,44.3206,142.9242,北海道
01563,雄武町,市町村,city,01563,44.5365,142.8321,北海道
01564,大空町,市町村,city,01564,43.8395,144.2478,北海道
01571,豊浦町,市町村,city,01571,42.6443,140.6528,北海道
01575,壮瞥町,市町村,city,01575,42.5745,140.9567,北海道
01578,白老町,市町村,city,01578,42.5877,141.2426,北海道
01581,厚真町,市町村,city,01581,42.7353,141.9516,北海道
01584,洞爺湖町,市町村,city,01584,42.6257,140.8308,北海道
01585,安平町,市町村,city,01585,42.8136,141.8378,北海道
01586,むかわ町,市町村,city,01586,42.7585,142.1347,北海道
01601,日高町,市町村,city,01601,42.8718,142.5951,北海道
01602,平取町,市町村,city,01602,42.7032,142.3611,北海道
01604,新冠町,市町村,city,01604,42.5448,142.4831,北海道
01607,浦河町,市町村,city,01607,42.2899,142.8796,北海道
01608,様似町,市町村,city,01608,42.1579,143.0568,北海道
01609,えりも町,市町村,city,01609,42.0719,143.2217,北海道
01610,新ひだか町,市町村,city,01610,42.4295,142.6403,北海道
01631,音更町,市町村,city,01631,43.0426,143.2054,北海道
01632,士幌町,市町村,city,01632,43.1654,143.2614,北海道
01633,上士幌町,市町村,city,01633,43.3852,143.1933,北海道
01634,鹿追町,市町村,city,01634,43.2146,143.0348,北海道
01635,新得町,市町村,city,01635,43.3175,142.8637,北海道
01636,清水町,市町村,city,01636,42.9677,142.8828,北海道
01637,芽室町,市町村,city,01637,42.8577,142.9604,北海道
01638,中札内村,市町村,city,01638,42.6393,142.9718,北海道
01639,更別村,市町村,city,01639,42.6316,143.2038,北海道
01641,大樹町,市町村,city,01641,42.5113,143.1675,北海道
01642,広尾町,市町村,city,01642,42.3277,143.2100,北海道
01643,幕別町,市町村,city,01643,42.7493,143.3175,北海道
01644,池田町,市町村,city,01644,42.9893,143.4637,北海道
01645,豊頃町,市町村,city,01645,42.7416,143.4864,北海道
01646,本別町,市町村,city,01646,43.1631,143.5533,北海道
01647,足寄町,市町村,city,01647,43.3748,143.5867,北海道
01648,陸別町,市町村,city,01648,43.5124,143.6876,北海道
01649,浦幌町,市町村,city,01649,42.9154,143.6793,北海道
01661,釧路町,市町村,city,01661,43.0165,144.5348,北海道
01662,厚岸町,市町村,city,01662,43.1237,144.8083,北海道
01663,浜中町,市町村,city,01663,43.1576,145.0905,北海道
01664,標茶町,市町村,city,01664,43.2937,144.5604,北海道
01665,弟子屈町,市町村,city,01665,43.5472,144.3999,北海道
01667,鶴居村,市町村,city,01667,43.2503,144.2955,北海道
01668,白糠町,市町村,city,01668,43.1266,143.9653,北海道
01691,別海町,市町村,city,01691,43.3902,145.0145,北海道
01692,中標津町,市町村,city,01692,43.5814,144.8449,北海道
01693,標津町,市町村,city,01693,43.7379,144.9710,北海道
01694,羅臼町,市町村,city,01694,44.0391,145.1437,北海道
01695,色丹村,市町村,city,01695,43.8013,146.7385,北海道
01696,泊村,市町村,city,01696,43.9098,145.6236,北海道
01697,留夜別村,市町村,city,01697,44.3198,146.1274,北海道
01698,留別村,市町村,city,01698,44.8308,147.4078,北海道
01699,紗那村,市町村,city,01699,45.1992,148.0002,北海道
01700,蘂取村,市町村,city,01700,45.4025,148.6445,北海道
02000,青森県,都道府県,area,02,40.7818,140.8726,青森県
02201,青森市,市町村,city,02201,40.7701,140.7542,青森県
02202,弘前市,市町村,city,02202,40.6051,140.3845,青森県
02203,八戸市,市町村,city,02203,40.4740,141.4812,青森県
02204,黒石市,市町村,city,02204,40.6171,140.7047,青森県
02205,五所川原市,市町村,city,02205,40.8577,140.5053,青森県
02206,十和田市,市町村,city,02206,40.5668,141.0570,青森県
02207,三沢市,市町村,city,02207,40.7463,141.3813,青森県
02208,むつ市,市町村,city,02208,41.2909,141.0333,青森県
02209,つがる市,市町村,city,02209,40.8698,140.3496,青森県
02210,平川市,市町村,city,02210,40.5183,140.7005,青森県
02301,平内町,市町村,city,02301,40.9076,140.9563,青森県
02303,今別町,市町村,city,02303,41.1603,140.5163,青森県
02304,蓬田村,市町村,city,02304,40.9950,140.5967,青森県
02307,外ヶ浜町,市町村,city,02307,41.0959,140.5744,青森県
02321,鰺ヶ沢町,市町村,city,02321,40.6515,140.1868,青森県
02323,深浦町,市町村,city,02323,40.6049,140.0183,青森県
02343,西目屋村,市町村,city,02343,40.5106,140.2370,青森県
02361,藤崎町,市町村,city,02361,40.6752,140.5165,青森県
02362,大鰐町,市町村,city,02362,40.4841,140.5514,青森県
02367,田舎館村,市町村,city,02367,40.6420,140.5417,青森県
02381,板柳町,市町村,city,02381,40.7156,140.4811,青森県
02384,鶴田町,市町村,city,02384,40.7565,140.4213,青森県
02387,中泊町,市町村,city,02387,41.0012,140.4507,青森県
02401,野辺地町,市町村,city,02401,40.8846,141.1464,青森県
02402,七戸町,市町村,city,02402,40.7316,141.0788,青森県
02405,六戸町,市町村,city,02405,40.6276,141.3154,青森県
02406,横浜町,市町村,city,02406,41.0670,141.2850,青森県
02408,東北町,市町村,city,02408,40.7955,141.2347,青森県
02411,六ヶ所村,市町村,city,02411,40.9569,141.3311,青森県
02412,おいらせ町,市町村,city,02412,40.6262,141.4019,青森県
02423,大間町,市町村,city,02423,41.4761,140.9276,青森県
02424,東通村,市町村,city,02424,41.2783,141.3520,青森県
02425,風間浦村,市町村,city,02425,41.4640,141.0143,青森県
02426,佐井村,市町村,city,02426,41.3527,140.8552,青森県
02441,三戸町,市町村,city,02441,40.3771,141.1756,青森県
02442,五戸町,市町村,city,02442,40.5082,141.2967,青森県
02443,田子町,市町村,city,02443,40.3091,141.0500,青森県
02445,南部町,市町村,city,02445,40.4222,141.3470,青森県
02446,階上町,市町村,city,02446,40.4304,141.5841,青森県
02450,新郷村,市町村,city,02450,40.4473,141.1076,青森県
03000,岩手県,都道府県,area,03,39.6514,141.4005,岩手県
03201,盛岡市,市町村,city,03201,39.7455,141.2692,岩手県
03202,宮古市,市町村,city,03202,39.6293,141.7253,岩手県
03203,大船渡市,市町村,city,03203,39.1072,141.7499,岩手県
03205,花巻市,市町村,city,03205,39.4419,141.1675,岩手県
03206,北上市,市町村,city,03206,39.3077,141.0080,岩手県
03207,久慈市,市町村,city,03207,40.1436,141.6591,岩手県
03208,遠野市,市町村,city,03208,39.3648,141.5092,岩手県
03209,一関市,市町村,city,03209,38.9451,141.2298,岩手県
03210,陸前高田市,市町村,city,03210,39.0410,141.5768,岩手県
03211,釜石市,市町村,city,03211,39.2875,141.7981,岩手県
03213,二戸市,市町村,city,03213,40.2380,141.1958,岩手県
03214,八幡平市,市町村,city,03214,40.0239,140.9911,岩手県
03215,奥州市,市町村,city,03215,39.1296,141.0948,岩手県
03216,滝沢市,市町村,city,03216,39.7904,141.0726,岩手県
03301,雫石町,市町村,city,03301,39.7040,140.9133,岩手県
03302,葛巻町,市町村,city,03302,40.0067,141.4395,岩手県
03303,岩手町,市町村,city,03303,39.9534,141.2660,岩手県
03321,紫波町,市町村,city,03321,39.5484,141.1590,岩手県
03322,矢巾町,市町村,city,03322,39.6115,141.1242,岩手県
03366,西和賀町,市町村,city,03366,39.3908,140.7908,岩手県
03381,金ケ崎町,市町村,city,03381,39.1940,141.0182,岩手県
03402,平泉町,市町村,city,03402,38.9889,141.1040,岩手県
03441,住田町,市町村,city,03441,39.1801,141.5505,岩手県
03461,大槌町,市町村,city,03461,39.4260,141.8140,岩手県
03482,山田町,市町村,city,03482,39.4844,141.9070,岩手県
03483,岩泉町,市町村,city,03483,39.8487,141.6765,岩手県
03484,田野畑村,市町村,city,03484,39.9246,141.8731,岩手県
03485,普代村,市町村,city,03485,40.0025,141.8667,岩手県
03501,軽米町,市町村,city,03501,40.3035,141.4889,岩手県
03503,野田村,市町村,city,03503,40.0687,141.7951,岩手県
03506,九戸村,市町村,city,03506,40.1962,141.4335,岩手県
03507,洋野町,市町村,city,03507,40.3263,141.6712,岩手県
03524,一戸町,市町村,city,03524,40.1428,141.2792,岩手県
04000,宮城県,都道府県,area,04,38.3288,140.9230,宮城県
04100,仙台市,政令市,city_sum,04101-04105,38.3288,140.9230,宮城県
04101,仙台市青葉区,市町村,city,04101,38.3307,140.7027,宮城県
04102,仙台市宮城野区,市町村,city,04102,38.2739,140.9546,宮城県
04103,仙台市若林区,市町村,city,04103,38.2254,140.9395,宮城県
04104,仙台市太白区,市町村,city,04104,38.2610,140.6795,宮城県
04105,仙台市泉区,市町村,city,04105,38.3538,140.7998,宮城県
04202,石巻市,市町村,city,04202,38.4868,141.3665,宮城県
04203,塩竈市,市町村,city,04203,38.3237,141.0220,宮城県
04205,気仙沼市,市町村,city,04205,38.8765,141.5323,宮城県
04206,白石市,市町村,city,04206,37.9969,140.5795,宮城県
04207,名取市,市町村,city,04207,38.1672,140.8668,宮城県
04208,角田市,市町村,city,04208,37.9883,140.7791,宮城県
04209,多賀城市,市町村,city,04209,38.2954,140.9991,宮城県
04211,岩沼市,市町村,city,04211,38.1094,140.8744,宮城県
04212,登米市,市町村,city,04212,38.6858,141.2575,宮城県
04213,栗原市,市町村,city,04213,38.8089,140.9404,宮城県
04214,東松島市,市町村,city,04214,38.4169,141.1791,宮城県
04215,大崎市,市町村,city,04215,38.6800,140.8467,宮城県
04216,富谷市,市町村,city,04216,38.3796,140.9014,宮城県
04301,蔵王町,市町村,city,04301,38.1065,140.5913,宮城県
04302,七ヶ宿町,市町村,city,04302,38.0175,140.4061,宮城県
04321,大河原町,市町村,city,04321,38.0521,140.7152,宮城県
04322,村田町,市町村,city,04322,38.1272,140.7302,宮城県
04323,柴田町,市町村,city,04323,38.0857,140.7877,宮城県
04324,川崎町,市町村,city,04324,38.1986,140.5915,宮城県
04341,丸森町,市町村,city,04341,37.8735,140.7552,宮城県
04361,亘理町,市町村,city,04361,38.0414,140.8741,宮城県
04362,山元町,市町村,city,04362,37.9457,140.8854,宮城県
04401,松島町,市町村,city,04401,38.4038,141.0759,宮城県
04404,七ヶ浜町,市町村,city,04404,38.2998,141.0597,宮城県
04406,利府町,市町村,city,04406,38.3425,140.9864,宮城県
04421,大和町,市町村,city,04421,38.4329,140.8182,宮城県
04422,大郷町,市町村,city,04422,38.4343,141.0001,宮城県
04424,大衡村,市町村,city,04424,38.4798,140.8719,宮城県
04444,色麻町,市町村,city,04444,38.5205,140.7800,宮城県
04445,加美町,市町村,city,04445,38.5943,140.6969,宮城県
04501,涌谷町,市町村,city,04501,38.5592,141.1536,宮城県
04505,美里町,市町村,city,04505,38.5201,141.0932,宮城県
04581,女川町,市町村,city,04581,38.4422,141.4506,宮城県
04606,南三陸町,市町村,city,04606,38.6847,141.4519,宮城県
05000,秋田県,都道府県,area,05,39.8015,140.3223,秋田県
05201,秋田市,市町村,city,05201,39.7104,140.2320,秋田県
05202,能代市,市町村,city,05202,40.2029,140.1448,秋田県
05203,横手市,市町村,city,05203,39.2836,140.5443,秋田県
05204,大館市,市町村,city,05204,40.2901,140.5547,秋田県
05206,男鹿市,市町村,city,05206,39.9379,139.8363,秋田県
05207,湯沢市,市町村,city,05207,39.0366,140.5427,秋田県
05209,鹿角市,市町村,city,05209,40.2104,140.8303,秋田県
05210,由利本荘市,市町村,city,05210,39.2934,140.1650,秋田県
05211,潟上市,市町村,city,05211,39.8726,140.0491,秋田県
05212,大仙市,市町村,city,05212,39.5371,140.4414,秋田県
05213,北秋田市,市町村,city,05213,40.0551,140.4647,秋田県
05214,にかほ市,市町村,city,05214,39.1968,139.9730,秋田県
05215,仙北市,市町村,city,05215,39.7605,140.6686,秋田県
05303,小坂町,市町村,city,05303,40.3992,140.7797,秋田県
05327,上小阿仁村,市町村,city,05327,39.9620,140.3186,秋田県
05346,藤里町,市町村,city,05346,40.3594,140.2509,秋田県
05348,三種町,市町村,city,05348,40.0707,140.1068,秋田県
05349,八峰町,市町村,city,05349,40.3625,140.0684,秋田県
05361,五城目町,市町村,city,05361,39.9267,140.2062,秋田県
05363,八郎潟町,市町村,city,05363,39.9591,140.0807,秋田県
05366,井川町,市町村,city,05366,39.8951,140.1233,秋田県
05368,大潟村,市町村,city,05368,40.0015,140.0021,秋田県
05434,美郷町,市町村,city,05434,39.4282,140.5959,秋田県
05463,羽後町,市町村,city,05463,39.1840,140.3500,秋田県
05464,東成瀬村,市町村,city,05464,39.1021,140.7278,秋田県
06000,山形県,都道府県,area,06,38.4552,140.1718,山形県
06201,山形市,市町村,city,06201,38.2461,140.3690,山形県
06202,米沢市,市町村,city,06202,37.8473,140.1165,山形県
06203,鶴岡市,市町村,city,06203,38.5851,139.8084,山形県
06204,酒田市,市町村,city,06204,38.9236,139.9860,山形県
06205,新庄市,市町村,city,06205,38.7882,140.3399,山形県
06206,寒河江市,市町村,city,06206,38.4345,140.2317,山形県
06207,上山市,市町村,city,06207,38.1258,140.3055,山形県
06208,村山市,市町村,city,06208,38.5167,140.3352,山形県
06209,長井市,市町村,city,06209,38.1374,139.9819,山形県
06210,天童市,市町村,city,06210,38.3582,140.3966,山形県
06211,東根市,市町村,city,06211,38.4256,140.4667,山形県
06212,尾花沢市,市町村,city,06212,38.5936,140.4768,山形県
06213,南陽市,市町村,city,06213,38.1032,140.1561,山形県
06301,山辺町,市町村,city,06301,38.2802,140.2150,山形県
06302,中山町,市町村,city,06302,38.3310,140.2597,山形県
06321,河北町,市町村,city,06321,38.4302,140.3010,山形県
06322,西川町,市町村,city,06322,38.4249,140.0235,山形県
06323,朝日町,市町村,city,06323,38.2805,140.0654,山形県
06324,大江町,市町村,city,06324,38.3546,140.0846,山形県
06341,大石田町,市町村,city,06341,38.5977,140.3361,山形県
06361,金山町,市町村,city,06361,38.9029,140.3717,山形県
06362,最上町,市町村,city,06362,38.7682,140.5269,山形県
06363,舟形町,市町村,city,06363,38.6797,140.3257,山形県
06364,真室川町,市町村,city,06364,38.9561,140.2436,山形県
06365,大蔵村,市町村,city,06365,38.5938,140.1718,山形県
06366,鮭川村,市町村,city,06366,38.8261,140.1969,山形県
06367,戸沢村,市町村,city,06367,38.7192,140.1220,山形県
06381,高畠町,市町村,city,06381,37.9904,140.2159,山形県
06382,川西町,市町村,city,06382,37.9717,140.0236,山形県
06401,小国町,市町村,city,06401,38.0408,139.7749,山形県
06402,白鷹町,市町村,city,06402,38.2005,140.0826,山形県
06403,飯豊町,市町村,city,06403,37.9383,139.8971,山形県
06426,三川町,市町村,city,06426,38.7952,139.8502,山形県
06428,庄内町,市町村,city,06428,38.7055,140.0010,山形県
06461,遊佐町,市町村,city,06461,39.0584,139.9516,山形県
07000,福島県,都道府県,area,07,37.3893,140.3328,福島県
07201,福島市,市町村,city,07201,37.7864,140.3885,福島県
07202,会津若松市,市町村,city,07202,37.4506,139.9680,福島県
07203,郡山市,市町村,city,07203,37.4128,140.2951,福島県
07204,いわき市,市町村,city,07204,37.0777,140.7860,福島県
07205,白河市,市町村,city,07205,37.1223,140.2496,福島県
07207,須賀川市,市町村,city,07207,37.2934,140.3169,福島県
07208,喜多方市,市町村,city,07208,37.7030,139.8439,福島県
07209,相馬市,市町村,city,07209,37.7826,140.8763,福島県
07210,二本松市,市町村,city,07210,37.5840,140.4955,福島県
07211,田村市,市町村,city,07211,37.4236,140.6715,福島県
07212,南相馬市,市町村,city,07212,37.6311,140.9284,福島県
07213,伊達市,市町村,city,07213,37.7995,140.6143,福島県
07214,本宮市,市町村,city,07214,37.5048,140.4188,福島県
07301,桑折町,市町村,city,07301,37.8589,140.5059,福島県
07303,国見町,市町村,city,07303,37.8888,140.5512,福島県
07308,川俣町,市町村,city,07308,37.6438,140.6283,福島県
07322,大玉村,市町村,city,07322,37.5585,140.3344,福島県
07342,鏡石町,市町村,city,07342,37.2446,140.3517,福島県
07344,天栄村,市町村,city,07344,37.2614,140.0877,福島県
07362,下郷町,市町村,city,07362,37.2566,139.8796,福島県
07364,檜枝岐村,市町村,city,07364,37.0324,139.3325,福島県
07367,只見町,市町村,city,07367,37.2914,139.3478,福島県
07368,南会津町,市町村,city,07368,37.1368,139.6062,福島県
07402,北塩原村,市町村,city,07402,37.6898,140.0485,福島県
07405,西会津町,市町村,city,07405,37.6356,139.6480,福島県
07407,磐梯町,市町村,city,07407,37.5783,140.0058,福島県
07408,猪苗代町,市町村,city,07408,37.5945,140.1560,福島県
07421,会津坂下町,市町村,city,07421,37.5689,139.8006,福島県
07422,湯川村,市町村,city,07422,37.5673,139.8823,福島県
07423,柳津町,市町村,city,07423,37.4567,139.7088,福島県
07444,三島町,市町村,city,07444,37.4419,139.6381,福島県
07445,金山町,市町村,city,07445,37.4336,139.4869,福島県
07446,昭和村,市町村,city,07446,37.3091,139.6366,福島県
07447,会津美里町,市町村,city,07447,37.4086,139.8129,福島県
07461,西郷村,市町村,city,07461,37.1659,140.0936,福島県
07464,泉崎村,市町村,city,07464,37.1586,140.2951,福島県
07465,中島村,市町村,city,07465,37.1484,140.3656,福島県
07466,矢吹町,市町村,city,07466,37.1939,140.3470,福島県
07481,棚倉町,市町村,city,07481,37.0025,140.3430,福島県
07482,矢祭町,市町村,city,07482,36.8630,140.4289,福島県
07483,塙町,市町村,city,07483,36.9264,140.4586,福島県
07484,鮫川村,市町村,city,07484,37.0124,140.5107,福島県
07501,石川町,市町村,city,07501,37.1455,140.4614,福島県
07502,玉川村,市町村,city,07502,37.2167,140.4500,福島県
07503,平田村,市町村,city,07503,37.2111,140.5573,福島県
07504,浅川町,市町村,city,07504,37.0812,140.4259,福島県
07505,古殿町,市町村,city,07505,37.0900,140.5836,福島県
07521,三春町,市町村,city,07521,37.4409,140.4964,福島県
07522,小野町,市町村,city,07522,37.2863,140.6126,福島県
07541,広野町,市町村,city,07541,37.2198,140.9525,福島県
07542,楢葉町,市町村,city,07542,37.2817,140.9488,福島県
07543,富岡町,市町村,city,07543,37.3492,140.9743,福島県
07544,川内村,市町村,city,07544,37.3323,140.8103,福島県
07545,大熊町,市町村,city,07545,37.4011,140.9485,福島県
07546,双葉町,市町村,city,07546,37.4436,140.9757,福島県
07547,浪江町,市町村,city,07547,37.5169,140.8643,福島県
07548,葛尾村,市町村,city,07548,37.5090,140.7770,福島県
07561,新地町,市町村,city,07561,37.8668,140.9008,福島県
07564,飯舘村,市町村,city,07564,37.6782,140.7484,福島県
08000,茨城県,都道府県,area,08,36.2145,140.2641,茨城県
08201,水戸市,市町村,city,08201,36.3705,140.4356,茨城県
08202,日立市,市町村,city,08202,36.6248,140.6187,茨城県
08203,土浦市,市町村,city,08203,36.0983,140.1948,茨城県
08204,古河市,市町村,city,08204,36.1798,139.7753,茨城県
08205,石岡市,市町村,city,08205,36.2278,140.2178,茨城県
08207,結城市,市町村,city,08207,36.2613,139.8640,茨城県
08208,龍ケ崎市,市町村,city,08208,35.9225,140.1853,茨城県
08210,下妻市,市町村,city,08210,36.1874,139.9664,茨城県
08211,常総市,市町村,city,08211,36.0641,139.9640,茨城県
08212,常陸太田市,市町村,city,08212,36.6484,140.5054,茨城県
08214,高萩市,市町村,city,08214,36.7692,140.6209,茨城県
08215,北茨城市,市町村,city,08215,36.8399,140.6874,茨城県
08216,笠間市,市町村,city,08216,36.3565,140.2694,茨城県
08217,取手市,市町村,city,08217,35.9129,140.0801,茨城県
08219,牛久市,市町村,city,08219,35.9718,140.1857,茨城県
08220,つくば市,市町村,city,08220,36.1053,140.0817,茨城県
08221,ひたちなか市,市町村,city,08221,36.3961,140.5585,茨城県
08222,鹿嶋市,市町村,city,08222,35.9993,140.6218,茨城県
08223,潮来市,市町村,city,08223,35.9619,140.5613,茨城県
08224,守谷市,市町村,city,08224,35.9480,139.9754,茨城県
08225,常陸大宮市,市町村,city,08225,36.6137,140.3399,茨城県
08226,那珂市,市町村,city,08226,36.4684,140.4760,茨城県
08227,筑西市,市町村,city,08227,36.2894,139.9869,茨城県
08228,坂東市,市町村,city,08228,36.0638,139.8879,茨城県
08229,稲敷市,市町村,city,08229,35.9486,140.3720,茨城県
08230,かすみがうら市,市町村,city,08230,36.1099,140.2993,茨城県
08231,桜川市,市町村,city,08231,36.3275,140.1079,茨城県
08232,神栖市,市町村,city,08232,35.8498,140.7124,茨城県
08233,行方市,市町村,city,08233,36.0661,140.4682,茨城県
08234,鉾田市,市町村,city,08234,36.1736,140.5197,茨城県
08235,つくばみらい市,市町村,city,08235,35.9820,140.0381,茨城県
08236,小美玉市,市町村,city,08236,36.2040,140.3598,茨城県
08302,茨城町,市町村,city,08302,36.2805,140.4341,茨城県
08309,大洗町,市町村,city,08309,36.2973,140.5545,茨城県
08310,城里町,市町村,city,08310,36.4797,140.3095,茨城県
08341,東海村,市町村,city,08341,36.4607,140.5807,茨城県
08364,大子町,市町村,city,08364,36.7980,140.3456,茨城県
08442,美浦村,市町村,city,08442,36.0184,140.3322,茨城県
08443,阿見町,市町村,city,08443,36.0141,140.2255,茨城県
08447,河内町,市町村,city,08447,35.8827,140.2798,茨城県
08521,八千代町,市町村,city,08521,36.1784,139.8937,茨城県
08542,五霞町,市町村,city,08542,36.1080,139.7486,茨城県
08546,境町,市町村,city,08546,36.1102,139.8108,茨城県
08564,利根町,市町村,city,08564,35.8661,140.1679,茨城県
09000,栃木県,都道府県,area,09,36.5919,139.9007,栃木県
09201,宇都宮市,市町村,city,09201,36.5969,139.8866,栃木県
09202,足利市,市町村,city,09202,36.3593,139.4530,栃木県
09203,栃木市,市町村,city,09203,36.3729,139.6895,栃木県
09204,佐野市,市町村,city,09204,36.4239,139.5355,栃木県
09205,鹿沼市,市町村,city,09205,36.5755,139.6415,栃木県
09206,日光市,市町村,city,09206,36.8188,139.5812,栃木県
09208,小山市,市町村,city,09208,36.3080,139.8019,栃木県
09209,真岡市,市町村,city,09209,36.4249,139.9968,栃木県
09210,大田原市,市町村,city,09210,36.8613,140.1192,栃木県
09211,矢板市,市町村,city,09211,36.8275,139.8981,栃木県
09213,那須塩原市,市町村,city,09213,36.9908,139.9105,栃木県
09214,さくら市,市町村,city,09214,36.7236,140.0029,栃木県
09215,那須烏山市,市町村,city,09215,36.6627,140.1341,栃木県
09216,下野市,市町村,city,09216,36.4020,139.8613,栃木県
09301,上三川町,市町村,city,09301,36.4455,139.9107,栃木県
09342,益子町,市町村,city,09342,36.4605,140.1099,栃木県
09343,茂木町,市町村,city,09343,36.5217,140.1899,栃木県
09344,市貝町,市町村,city,09344,36.5590,140.1043,栃木県
09345,芳賀町,市町村,city,09345,36.5520,140.0406,栃木県
09361,壬生町,市町村,city,09361,36.4575,139.8050,栃木県
09364,野木町,市町村,city,09364,36.2289,139.7379,栃木県
09384,塩谷町,市町村,city,09384,36.7965,139.8152,栃木県
09386,高根沢町,市町村,city,09386,36.6301,140.0168,栃木県
09407,那須町,市町村,city,09407,37.0429,140.0925,栃木県
09411,那珂川町,市町村,city,09411,36.7542,140.1835,栃木県
10000,群馬県,都道府県,area,10,36.4070,139.0498,群馬県
10201,前橋市,市町村,city,10201,36.4321,139.1275,群馬県
10202,高崎市,市町村,city,10202,36.3772,138.8991,群馬県
10203,桐生市,市町村,city,10203,36.4525,139.3640,群馬県
10204,伊勢崎市,市町村,city,10204,36.3213,139.2182,群馬県
10205,太田市,市町村,city,10205,36.3064,139.3393,群馬県
10206,沼田市,市町村,city,10206,36.6737,139.1835,群馬県
10207,館林市,市町村,city,10207,36.2460,139.5353,群馬県
10208,渋川市,市町村,city,10208,36.5291,139.0145,群馬県
10209,藤岡市,市町村,city,10209,36.1921,138.9992,群馬県
10210,富岡市,市町村,city,10210,36.2585,138.8462,群馬県
10211,安中市,市町村,city,10211,36.3408,138.7765,群馬県
10212,みどり市,市町村,city,10212,36.5304,139.3473,群馬県
10344,榛東村,市町村,city,10344,36.4431,138.9567,群馬県
10345,吉岡町,市町村,city,10345,36.4500,138.9982,群馬県
10366,上野村,市町村,city,10366,36.0653,138.7201,群馬県
10367,神流町,市町村,city,10367,36.1117,138.8657,群馬県
10382,下仁田町,市町村,city,10382,36.2271,138.7228,群馬県
10383,南牧村,市町村,city,10383,36.1617,138.6857,群馬県
10384,甘楽町,市町村,city,10384,36.2099,138.9033,群馬県
10421,中之条町,市町村,city,10421,36.6545,138.7219,群馬県
10424,長野原町,市町村,city,10424,36.5051,138.6260,群馬県
10425,嬬恋村,市町村,city,10425,36.5164,138.4939,群馬県
10426,草津町,市町村,city,10426,36.6181,138.5752,群馬県
10428,高山村,市町村,city,10428,36.6219,138.9417,群馬県
10429,東吾妻町,市町村,city,10429,36.5264,138.7852,群馬県
10443,片品村,市町村,city,10443,36.8416,139.2608,群馬県
10444,川場村,市町村,city,10444,36.7310,139.1293,群馬県
10448,昭和村,市町村,city,10448,36.6126,139.1008,群馬県
10449,みなかみ町,市町村,city,10449,36.8323,139.0049,群馬県
10464,玉村町,市町村,city,10464,36.3022,139.1263,群馬県
10521,板倉町,市町村,city,10521,36.2288,139.6202,群馬県
10522,明和町,市町村,city,10522,36.2069,139.5342,群馬県
10523,千代田町,市町村,city,10523,36.2130,139.4501,群馬県
10524,大泉町,市町村,city,10524,36.2497,139.4070,群馬県
10525,邑楽町,市町村,city,10525,36.2551,139.4613,群馬県
11000,埼玉県,都道府県,area,11,35.9696,139.4868,埼玉県
11100,さいたま市,政令市,city_sum,11101-11110,35.9696,139.4868,埼玉県
11101,さいたま市西区,市町村,city,11101,35.9092,139.5752,埼玉県
11102,さいたま市北区,市町村,city,11102,35.9391,139.6151,埼玉県
11103,さいたま市大宮区,市町村,city,11103,35.9065,139.6239,埼玉県
11104,さいたま市見沼区,市町村,city,11104,35.9271,139.6663,埼玉県
11105,さいたま市中央区,市町村,city,11105,35.8813,139.6248,埼玉県
11106,さいたま市桜区,市町村,city,11106,35.8602,139.6073,埼玉県
11107,さいたま市浦和区,市町村,city,11107,35.8733,139.6532,埼玉県
11108,さいたま市南区,市町村,city,11108,35.8462,139.6604,埼玉県
11109,さいたま市緑区,市町村,city,11109,35.8845,139.7013,埼玉県
11110,さいたま市岩槻区,市町村,city,11110,35.9444,139.7132,埼玉県
11201,川越市,市町村,city,11201,35.9115,139.4792,埼玉県
11202,熊谷市,市町村,city,11202,36.1603,139.3726,埼玉県
11203,川口市,市町村,city,11203,35.8331,139.7331,埼玉県
11206,行田市,市町村,city,11206,36.1480,139.4700,埼玉県
11207,秩父市,市町村,city,11207,35.9597,138.9335,埼玉県
11208,所沢市,市町村,city,11208,35.7995,139.4579,埼玉県
11209,飯能市,市町村,city,11209,35.8882,139.2201,埼玉県
11210,加須市,市町村,city,11210,36.1366,139.6200,埼玉県
11211,本庄市,市町村,city,11211,36.1993,139.1463,埼玉県
11212,東松山市,市町村,city,11212,36.0318,139.3914,埼玉県
11214,春日部市,市町村,city,11214,35.9827,139.7757,埼玉県
11215,狭山市,市町村,city,11215,35.8588,139.4208,埼玉県
11216,羽生市,市町村,city,11216,36.1725,139.5534,埼玉県
11217,鴻巣市,市町村,city,11217,36.0789,139.5035,埼玉県
11218,深谷市,市町村,city,11218,36.1807,139.2657,埼玉県
11219,上尾市,市町村,city,11219,35.9705,139.5816,埼玉県
11221,草加市,市町村,city,11221,35.8387,139.8022,埼玉県
11222,越谷市,市町村,city,11222,35.9011,139.7902,埼玉県
11223,蕨市,市町村,city,11223,35.8244,139.6861,埼玉県
11224,戸田市,市町村,city,11224,35.8148,139.6570,埼玉県
11225,入間市,市町村,city,11225,35.8180,139.3676,埼玉県
11227,朝霞市,市町村,city,11227,35.8092,139.5973,埼玉県
11228,志木市,市町村,city,11228,35.8370,139.5835,埼玉県
11229,和光市,市町村,city,11229,35.7893,139.6198,埼玉県
11230,新座市,市町村,city,11230,35.7894,139.5596,埼玉県
11231,桶川市,市町村,city,11231,36.0030,139.5500,埼玉県
11232,久喜市,市町村,city,11232,36.0771,139.6495,埼玉県
11233,北本市,市町村,city,11233,36.0262,139.5304,埼玉県
11234,八潮市,市町村,city,11234,35.8193,139.8394,埼玉県
11235,富士見市,市町村,city,11235,35.8545,139.5545,埼玉県
11237,三郷市,市町村,city,11237,35.8322,139.8718,埼玉県
11238,蓮田市,市町村,city,11238,36.0015,139.6498,埼玉県
11239,坂戸市,市町村,city,11239,35.9636,139.4002,埼玉県
11240,幸手市,市町村,city,11240,36.0708,139.7402,埼玉県
11241,鶴ヶ島市,市町村,city,11241,35.9357,139.3945,埼玉県
11242,日高市,市町村,city,11242,35.8965,139.3393,埼玉県
11243,吉川市,市町村,city,11243,35.8951,139.8609,埼玉県
11245,ふじみ野市,市町村,city,11245,35.8651,139.5152,埼玉県
11246,白岡市,市町村,city,11246,36.0241,139.6676,埼玉県
11301,伊奈町,市町村,city,11301,35.9978,139.6200,埼玉県
11324,三芳町,市町村,city,11324,35.8329,139.5158,埼玉県
11326,毛呂山町,市町村,city,11326,35.9350,139.3073,埼玉県
11327,越生町,市町村,city,11327,35.9606,139.2661,埼玉県
11341,滑川町,市町村,city,11341,36.0704,139.3559,埼玉県
11342,嵐山町,市町村,city,11342,36.0564,139.3149,埼玉県
11343,小川町,市町村,city,11343,36.0547,139.2488,埼玉県
11346,川島町,市町村,city,11346,35.9840,139.4841,埼玉県
11347,吉見町,市町村,city,11347,36.0443,139.4553,埼玉県
11348,鳩山町,市町村,city,11348,35.9878,139.3339,埼玉県
11349,ときがわ町,市町村,city,11349,35.9989,139.2414,埼玉県
11361,横瀬町,市町村,city,11361,35.9689,139.1291,埼玉県
11362,皆野町,市町村,city,11362,36.0784,139.0909,埼玉県
11363,長瀞町,市町村,city,11363,36.1175,139.1168,埼玉県
11365,小鹿野町,市町村,city,11365,36.0215,138.9292,埼玉県
11369,東秩父村,市町村,city,11369,36.0462,139.1824,埼玉県
11381,美里町,市町村,city,11381,36.1716,139.1737,埼玉県
11383,神川町,市町村,city,11383,36.1609,139.0577,埼玉県
11385,上里町,市町村,city,11385,36.2506,139.1351,埼玉県
11408,寄居町,市町村,city,11408,36.1113,139.2028,埼玉県
11442,宮代町,市町村,city,11442,36.0227,139.7166,埼玉県
11464,杉戸町,市町村,city,11464,36.0341,139.7547,埼玉県
11465,松伏町,市町村,city,11465,35.9364,139.8255,埼玉県
12000,千葉県,都道府県,area,12,35.5763,140.2065,千葉県
12100,千葉市,政令市,city_sum,12101-12106,35.5763,140.2065,千葉県
12101,千葉市中央区,市町村,city,12101,35.5850,140.1329,千葉県
12102,千葉市花見川区,市町村,city,12102,35.6764,140.0914,千葉県
12103,千葉市稲毛区,市町村,city,12103,35.6486,140.1131,千葉県
12104,千葉市若葉区,市町村,city,12104,35.6104,140.2051,千葉県
12105,千葉市緑区,市町村,city,12105,35.5446,140.2295,千葉県
12106,千葉市美浜区,市町村,city,12106,35.6335,140.0616,千葉県
12202,銚子市,市町村,city,12202,35.7430,140.7757,千葉県
12203,市川市,市町村,city,12203,35.7190,139.9327,千葉県
12204,船橋市,市町村,city,12204,35.7269,140.0200,千葉県
12205,館山市,市町村,city,12205,34.9716,139.8619,千葉県
12206,木更津市,市町村,city,12206,35.3698,139.9875,千葉県
12207,松戸市,市町村,city,12207,35.7957,139.9291,千葉県
12208,野田市,市町村,city,12208,35.9852,139.8622,千葉県
12210,茂原市,市町村,city,12210,35.4498,140.3016,千葉県
12211,成田市,市町村,city,12211,35.8155,140.3576,千葉県
12212,佐倉市,市町村,city,12212,35.7062,140.2132,千葉県
12213,東金市,市町村,city,12213,35.5652,140.3671,千葉県
12215,旭市,市町村,city,12215,35.7341,140.6557,千葉県
12216,習志野市,市町村,city,12216,35.6809,140.0341,千葉県
12217,柏市,市町村,city,12217,35.8602,139.9939,千葉県
12218,勝浦市,市町村,city,12218,35.1752,140.2676,千葉県
12219,市原市,市町村,city,12219,35.4249,140.1372,千葉県
12220,流山市,市町村,city,12220,35.8734,139.9141,千葉県
12221,八千代市,市町村,city,12221,35.7392,140.1050,千葉県
12222,我孫子市,市町村,city,12222,35.8695,140.0651,千葉県
12223,鴨川市,市町村,city,12223,35.1299,140.0777,千葉県
12224,鎌ケ谷市,市町村,city,12224,35.7729,139.9988,千葉県
12225,君津市,市町村,city,12225,35.2630,140.0241,千葉県
12226,富津市,市町村,city,12226,35.2259,139.9006,千葉県
12227,浦安市,市町村,city,12227,35.6428,139.9018,千葉県
12228,四街道市,市町村,city,12228,35.6717,140.1791,千葉県
12229,袖ケ浦市,市町村,city,12229,35.4165,140.0177,千葉県
12230,八街市,市町村,city,12230,35.6424,140.2969,千葉県
12231,印西市,市町村,city,12231,35.7980,140.1803,千葉県
12232,白井市,市町村,city,12232,35.8016,140.0601,千葉県
12233,富里市,市町村,city,12233,35.7203,140.3408,千葉県
12234,南房総市,市町村,city,12234,35.0368,139.9285,千葉県
12235,匝瑳市,市町村,city,12235,35.6998,140.5537,千葉県
12236,香取市,市町村,city,12236,35.8535,140.5399,千葉県
12237,山武市,市町村,city,12237,35.6240,140.4210,千葉県
12238,いすみ市,市町村,city,12238,35.2778,140.3433,千葉県
12239,大網白里市,市町村,city,12239,35.5128,140.3428,千葉県
12322,酒々井町,市町村,city,12322,35.7293,140.2780,千葉県
12329,栄町,市町村,city,12329,35.8441,140.2427,千葉県
12342,神崎町,市町村,city,12342,35.8862,140.4084,千葉県
12347,多古町,市町村,city,12347,35.7571,140.4711,千葉県
12349,東庄町,市町村,city,12349,35.8136,140.6732,千葉県
12403,九十九里町,市町村,city,12403,35.5333,140.4342,千葉県
12409,芝山町,市町村,city,12409,35.7215,140.4102,千葉県
12410,横芝光町,市町村,city,12410,35.6608,140.4947,千葉県
12421,一宮町,市町村,city,12421,35.3615,140.3709,千葉県
12422,睦沢町,市町村,city,12422,35.3525,140.3021,千葉県
12423,長生村,市町村,city,12423,35.4071,140.3577,千葉県
12424,白子町,市町村,city,12424,35.4501,140.3793,千葉県
12426,長柄町,市町村,city,12426,35.4459,140.2134,千葉県
12427,長南町,市町村,city,12427,35.3752,140.2430,千葉県
12441,大多喜町,市町村,city,12441,35.2429,140.2138,千葉県
12443,御宿町,市町村,city,12443,35.1964,140.3407,千葉県
12463,鋸南町,市町村,city,12463,35.1325,139.8720,千葉県
12801,市川市・船橋市境界地先の土地,市町村,city,12801,35.6717,139.9641,千葉県
13000,東京都,都道府県,area,13,35.0585,139.6132,東京都
13101,千代田区,特別区,city,13101,35.6876,139.7548,東京都
13102,中央区,特別区,city,13102,35.6708,139.7767,東京都
13103,港区,特別区,city,13103,35.6528,139.7376,東京都
13104,新宿区,特別区,city,13104,35.7011,139.7090,東京都
13105,文京区,特別区,city,13105,35.7175,139.7473,東京都
13106,台東区,特別区,city,13106,35.7155,139.7860,東京都
13107,墨田区,特別区,city,13107,35.7122,139.8155,東京都
13108,江東区,特別区,city,13108,35.6659,139.8167,東京都
13109,品川区,特別区,city,13109,35.6116,139.7255,東京都
13110,目黒区,特別区,city,13110,35.6300,139.6882,東京都
13111,大田区,特別区,city,13111,35.5675,139.7275,東京都
13112,世田谷区,特別区,city,13112,35.6397,139.6351,東京都
13113,渋谷区,特別区,city,13113,35.6679,139.6963,東京都
13114,中野区,特別区,city,13114,35.7109,139.6625,東京都
13115,杉並区,特別区,city,13115,35.6968,139.6254,東京都
13116,豊島区,特別区,city,13116,35.7315,139.7116,東京都
13117,北区,特別区,city,13117,35.7659,139.7289,東京都
13118,荒川区,特別区,city,13118,35.7399,139.7813,東京都
13119,板橋区,特別区,city,13119,35.7726,139.6765,東京都
13120,練馬区,特別区,city,13120,35.7478,139.6177,東京都
13121,足立区,特別区,city,13121,35.7788,139.7951,東京都
13122,葛飾区,特別区,city,13122,35.7532,139.8557,東京都
13123,江戸川区,特別区,city,13123,35.6926,139.8757,東京都
13201,八王子市,市町村,city,13201,35.6598,139.2877,東京都
13202,立川市,市町村,city,13202,35.7145,139.4045,東京都
13203,武蔵野市,市町村,city,13203,35.7081,139.5616,東京都
13204,三鷹市,市町村,city,13204,35.6847,139.5604,東京都
13205,青梅市,市町村,city,13205,35.8036,139.2420,東京都
13206,府中市,市町村,city,13206,35.6705,139.4832,東京都
13207,昭島市,市町村,city,13207,35.7078,139.3642,東京都
13208,調布市,市町村,city,13208,35.6577,139.5522,東京都
13209,町田市,市町村,city,13209,35.5761,139.4304,東京都
13210,小金井市,市町村,city,13210,35.7011,139.5110,東京都
13211,小平市,市町村,city,13211,35.7274,139.4817,東京都
13212,日野市,市町村,city,13212,35.6633,139.3986,東京都
13213,東村山市,市町村,city,13213,35.7592,139.4724,東京都
13214,国分寺市,市町村,city,13214,35.7055,139.4612,東京都
13215,国立市,市町村,city,13215,35.6863,139.4388,東京都
13218,福生市,市町村,city,13218,35.7360,139.3364,東京都
13219,狛江市,市町村,city,13219,35.6349,139.5772,東京都
13220,東大和市,市町村,city,13220,35.7503,139.4266,東京都
13221,清瀬市,市町村,city,13221,35.7814,139.5222,東京都
13222,東久留米市,市町村,city,13222,35.7539,139.5199,東京都
13223,武蔵村山市,市町村,city,13223,35.7504,139.3839,東京都
13224,多摩市,市町村,city,13224,35.6306,139.4399,東京都
13225,稲城市,市町村,city,13225,35.6329,139.4929,東京都
13227,羽村市,市町村,city,13227,35.7640,139.3154,東京都
13228,あきる野市,市町村,city,13228,35.7328,139.2254,東京都
13229,西東京市,市町村,city,13229,35.7349,139.5462,東京都
13303,瑞穂町,市町村,city,13303,35.7743,139.3493,東京都
13305,日の出町,市町村,city,13305,35.7587,139.2264,東京都
13307,檜原村,市町村,city,13307,35.7250,139.1045,東京都
13308,奥多摩町,市町村,city,13308,35.8226,139.0555,東京都
13361,大島町,市町村,city,13361,34.7375,139.3988,東京都
13362,利島村,市町村,city,13362,34.5227,139.2793,東京都
13363,新島村,市町村,city,13363,34.3768,139.2667,東京都
13364,神津島村,市町村,city,13364,34.2145,139.1479,東京都
13381,三宅村,市町村,city,13381,34.0851,139.5211,東京都
13382,御蔵島村,市町村,city,13382,33.8748,139.6032,東京都
13401,八丈町,市町村,city,13401,33.1064,139.7979,東京都
13402,青ヶ島村,市町村,city,13402,32.4573,139.7664,東京都
13421,小笠原村,市町村,city,13421,24.7826,141.3157,東京都
13801,鳥島,市町村,city,13801,30.4845,140.3013,東京都
13802,ベヨネース列岩,市町村,city,13802,31.8867,139.9173,東京都
13803,須美寿島,市町村,city,13803,31.4389,140.0506,東京都
13804,孀婦岩,市町村,city,13804,29.7941,140.3419,東京都
13805,荒川河口部,市町村,city,13805,35.6496,139.8458,東京都
13807,中央防波堤外側廃棄物処理場（中潮橋南側）,市町村,city,13807,35.5970,139.8185,東京都
13808,所属未定地,市町村,city,13808,35.5890,139.8195,東京都
14000,神奈川県,都道府県,area,14,35.4199,139.4314,神奈川県
14100,横浜市,政令市,city_sum,14101-14118,35.4545,139.5786,神奈川県
14101,横浜市鶴見区,市町村,city,14101,35.5078,139.6725,神奈川県
14102,横浜市神奈川区,市町村,city,14102,35.4861,139.6180,神奈川県
14103,横浜市西区,市町村,city,14103,35.4568,139.6186,神奈川県
14104,横浜市中区,市町村,city,14104,35.4308,139.6560,神奈川県
14105,横浜市南区,市町村,city,14105,35.4284,139.6019,神奈川県
14106,横浜市保土ケ谷区,市町村,city,14106,35.4612,139.5783,神奈川県
14107,横浜市磯子区,市町村,city,14107,35.3923,139.6141,神奈川県
14108,横浜市金沢区,市町村,city,14108,35.3493,139.6229,神奈川県
14109,横浜市港北区,市町村,city,14109,35.5280,139.6228,神奈川県
14110,横浜市戸塚区,市町村,city,14110,35.4033,139.5313,神奈川県
14111,横浜市港南区,市町村,city,14111,35.3942,139.5783,神奈川県
14112,横浜市旭区,市町村,city,14112,35.4765,139.5275,神奈川県
14113,横浜市緑区,市町村,city,14113,35.5155,139.5263,神奈川県
14114,横浜市瀬谷区,市町村,city,14114,35.4689,139.4881,神奈川県
14115,横浜市栄区,市町村,city,14115,35.3619,139.5569,神奈川県
14116,横浜市泉区,市町村,city,14116,35.4207,139.4993,神奈川県
14117,横浜市青葉区,市町村,city,14117,35.5590,139.5240,神奈川県
14118,横浜市都筑区,市町村,city,14118,35.5402,139.5776,神奈川県
14130,川崎市,政令市,city_sum,14131-14137,35.5770,139.6160,神奈川県
14131,川崎市川崎区,市町村,city,14131,35.5218,139.7346,神奈川県
14132,川崎市幸区,市町村,city,14132,35.5452,139.6800,神奈川県
14133,川崎市中原区,市町村,city,14133,35.5747,139.6529,神奈川県
14134,川崎市高津区,市町村,city,14134,35.5922,139.6153,神奈川県
14135,川崎市多摩区,市町村,city,14135,35.6185,139.5506,神奈川県
14136,川崎市宮前区,市町村,city,14136,35.5862,139.5784,神奈川県
14137,川崎市麻生区,市町村,city,14137,35.6006,139.4999,神奈川県
14150,相模原市,政令市,city_sum,14151-14153,35.3676,139.3119,神奈川県
14151,相模原市緑区,市町村,city,14151,35.5702,139.1960,神奈川県
14152,相模原市中央区,市町村,city,14152,35.5626,139.3666,神奈川県
14153,相模原市南区,市町村,city,14153,35.5268,139.4066,神奈川県
14201,横須賀市,市町村,city,14201,35.2494,139.6605,神奈川県
14203,平塚市,市町村,city,14203,35.3510,139.3202,神奈川県
14204,鎌倉市,市町村,city,14204,35.3300,139.5380,神奈川県
14205,藤沢市,市町村,city,14205,35.3685,139.4589,神奈川県
14206,小田原市,市町村,city,14206,35.2630,139.1441,神奈川県
14207,茅ヶ崎市,市町村,city,14207,35.3443,139.4096,神奈川県
14208,逗子市,市町村,city,14208,35.2990,139.5913,神奈川県
14210,三浦市,市町村,city,14210,35.1685,139.6416,神奈川県
14211,秦野市,市町村,city,14211,35.4002,139.2030,神奈川県
14212,厚木市,市町村,city,14212,35.4651,139.3271,神奈川県
14213,大和市,市町村,city,14213,35.4738,139.4565,神奈川県
14214,伊勢原市,市町村,city,14214,35.4101,139.2920,神奈川県
14215,海老名市,市町村,city,14215,35.4376,139.3931,神奈川県
14216,座間市,市町村,city,14216,35.4875,139.4092,神奈川県
14217,南足柄市,市町村,city,14217,35.3099,139.0701,神奈川県
14218,綾瀬市,市町村,city,14218,35.4400,139.4309,神奈川県
14301,葉山町,市町村,city,14301,35.2713,139.6007,神奈川県
14321,寒川町,市町村,city,14321,35.3755,139.3856,神奈川県
14341,大磯町,市町村,city,14341,35.3167,139.2887,神奈川県
14342,二宮町,市町村,city,14342,35.3079,139.2496,神奈川県
14361,中井町,市町村,city,14361,35.3361,139.2152,神奈川県
14362,大井町,市町村,city,14362,35.3350,139.1654,神奈川県
14363,松田町,市町村,city,14363,35.3922,139.1308,神奈川県
14364,山北町,市町村,city,14364,35.4248,139.0454,神奈川県
14366,開成町,市町村,city,14366,35.3350,139.1249,神奈川県
14382,箱根町,市町村,city,14382,35.2323,139.0314,神奈川県
14383,真鶴町,市町村,city,14383,35.1656,139.1334,神奈川県
14384,湯河原町,市町村,city,14384,35.1662,139.0790,神奈川県
14401,愛川町,市町村,city,14401,35.5288,139.2991,神奈川県
14402,清川村,市町村,city,14402,35.4871,139.2290,神奈川県
15000,新潟県,都道府県,area,15,37.6126,138.9605,新潟県
15100,新潟市,政令市,city_sum,15101-15108,37.6126,138.9605,新潟県
15101,新潟市北区,市町村,city,15101,37.9233,139.1989,新潟県
15102,新潟市東区,市町村,city,15102,37.9280,139.1066,新潟県
15103,新潟市中央区,市町村,city,15103,37.9043,139.0485,新潟県
15104,新潟市江南区,市町村,city,15104,37.8632,139.1066,新潟県
15105,新潟市秋葉区,市町村,city,15105,37.7859,139.1114,新潟県
15106,新潟市南区,市町村,city,15106,37.7687,139.0226,新潟県
15107,新潟市西区,市町村,city,15107,37.8482,138.9516,新潟県
15108,新潟市西蒲区,市町村,city,15108,37.7598,138.8963,新潟県
15202,長岡市,市町村,city,15202,37.4452,138.8568,新潟県
15204,三条市,市町村,city,15204,37.5407,139.0898,新潟県
15205,柏崎市,市町村,city,15205,37.3237,138.5993,新潟県
15206,新発田市,市町村,city,15206,37.9073,139.4279,新潟県
15208,小千谷市,市町村,city,15208,37.2913,138.8005,新潟県
15209,加茂市,市町村,city,15209,37.6221,139.1107,新潟県
15210,十日町市,市町村,city,15210,37.0907,138.7021,新潟県
15211,見附市,市町村,city,15211,37.5279,138.9319,新潟県
15212,村上市,市町村,city,15212,38.3102,139.6174,新潟県
15213,燕市,市町村,city,15213,37.6655,138.8862,新潟県
15216,糸魚川市,市町村,city,15216,36.9663,137.8940,新潟県
15217,妙高市,市町村,city,15217,36.9323,138.1877,新潟県
15218,五泉市,市町村,city,15218,37.6565,139.2263,新潟県
15222,上越市,市町村,city,15222,37.1202,138.3375,新潟県
15223,阿賀野市,市町村,city,15223,37.8143,139.2592,新潟県
15224,佐渡市,市町村,city,15224,38.0443,138.3899,新潟県
15225,魚沼市,市町村,city,15225,37.2209,139.0980,新潟県
15226,南魚沼市,市町村,city,15226,37.0559,138.9373,新潟県
15227,胎内市,市町村,city,15227,38.0058,139.4806,新潟県
15307,聖籠町,市町村,city,15307,37.9834,139.2662,新潟県
15342,弥彦村,市町村,city,15342,37.6908,138.8376,新潟県
15361,田上町,市町村,city,15361,37.7011,139.0703,新潟県
15385,阿賀町,市町村,city,15385,37.6650,139.4641,新潟県
15405,出雲崎町,市町村,city,15405,37.5266,138.7147,新潟県
15461,湯沢町,市町村,city,15461,36.8557,138.8007,新潟県
15482,津南町,市町村,city,15482,36.9710,138.6417,新潟県
15504,刈羽村,市町村,city,15504,37.4242,138.6268,新潟県
15581,関川村,市町村,city,15581,38.0643,139.6012,新潟県
15586,粟島浦村,市町村,city,15586,38.4625,139.2404,新潟県
16000,富山県,都道府県,area,16,36.7103,137.2673,富山県
16201,富山市,市町村,city,16201,36.5466,137.2993,富山県
16202,高岡市,市町村,city,16202,36.7400,136.9663,富山県
16204,魚津市,市町村,city,16204,36.7598,137.4914,富山県
16205,氷見市,市町村,city,16205,36.8650,136.9429,富山県
16206,滑川市,市町村,city,16206,36.7519,137.3822,富山県
16207,黒部市,市町村,city,16207,36.7688,137.6163,富山県
16208,砺波市,市町村,city,16208,36.6187,136.9907,富山県
16209,小矢部市,市町村,city,16209,36.6623,136.8548,富山県
16210,南砺市,市町村,city,16210,36.4532,136.9196,富山県
16211,射水市,市町村,city,16211,36.7203,137.0879,富山県
16321,舟橋村,市町村,city,16321,36.7009,137.3066,富山県
16322,上市町,市町村,city,16322,36.6606,137.4766,富山県
16323,立山町,市町村,city,16323,36.6016,137.5119,富山県
16342,入善町,市町村,city,16342,36.9120,137.5122,富山県
16343,朝日町,市町村,city,16343,36.8923,137.6504,富山県
17000,石川県,都道府県,area,17,36.7956,136.7608,石川県
17201,金沢市,市町村,city,17201,36.5194,136.7081,石川県
17202,七尾市,市町村,city,17202,37.0695,136.9194,石川県
17203,小松市,市町村,city,17203,36.3110,136.4984,石川県
17204,輪島市,市町村,city,17204,37.3366,136.8875,石川県
17205,珠洲市,市町村,city,17205,37.4553,137.2258,石川県
17206,加賀市,市町村,city,17206,36.2550,136.3796,石川県
17207,羽咋市,市町村,city,17207,36.9113,136.8163,石川県
17209,かほく市,市町村,city,17209,36.7437,136.7329,石川県
17210,白山市,市町村,city,17210,36.2756,136.6696,石川県
17211,能美市,市町村,city,17211,36.4359,136.5445,石川県
17212,野々市市,市町村,city,17212,36.5252,136.6056,石川県
17324,川北町,市町村,city,17324,36.4692,136.5366,石川県
17361,津幡町,市町村,city,17361,36.6929,136.7688,石川県
17365,内灘町,市町村,city,17365,36.6640,136.6574,石川県
17384,志賀町,市町村,city,17384,37.0892,136.7715,石川県
17386,宝達志水町,市町村,city,17386,36.8260,136.8037,石川県
17407,中能登町,市町村,city,17407,36.9710,136.8976,石川県
17461,穴水町,市町村,city,17461,37.2353,136.9362,石川県
17463,能登町,市町村,city,17463,37.3301,137.0953,石川県
18000,福井県,都道府県,area,18,35.8275,136.1226,福井県
18201,福井市,市町村,city,18201,36.0425,136.2182,福井県
18202,敦賀市,市町村,city,18202,35.6374,136.0806,福井県
18204,小浜市,市町村,city,18204,35.4688,135.7481,福井県
18205,大野市,市町村,city,18205,35.9084,136.6170,福井県
18206,勝山市,市町村,city,18206,36.0844,136.5218,福井県
18207,鯖江市,市町村,city,18207,35.9593,136.2183,福井県
18208,あわら市,市町村,city,18208,36.2277,136.2516,福井県
18209,越前市,市町村,city,18209,35.8895,136.1772,福井県
18210,坂井市,市町村,city,18210,36.1640,136.2553,福井県
18322,永平寺町,市町村,city,18322,36.0779,136.3550,福井県
18382,池田町,市町村,city,18382,35.8685,136.3681,福井県
18404,南越前町,市町村,city,18404,35.7721,136.2133,福井県
18423,越前町,市町村,city,18423,35.9590,136.0564,福井県
18442,美浜町,市町村,city,18442,35.5969,135.9746,福井県
18481,高浜町,市町村,city,18481,35.4921,135.5155,福井県
18483,おおい町,市町村,city,18483,35.4069,135.6329,福井県
18501,若狭町,市町村,city,18501,35.5115,135.8808,福井県
19000,山梨県,都道府県,area,19,35.5855,138.6731,山梨県
19201,甲府市,市町村,city,19201,35.6972,138.5877,山梨県
19202,富士吉田市,市町村,city,19202,35.4389,138.7935,山梨県
19204,都留市,市町村,city,19204,35.5366,138.9149,山梨県
19205,山梨市,市町村,city,19205,35.7969,138.6974,山梨県
19206,大月市,市町村,city,19206,35.6429,138.9199,山梨県
19207,韮崎市,市町村,city,19207,35.7177,138.4120,山梨県
19208,南アルプス市,市町村,city,19208,35.6507,138.3542,山梨県
19209,北杜市,市町村,city,19209,35.8372,138.3937,山梨県
19210,甲斐市,市町村,city,19210,35.7170,138.5184,山梨県
19211,笛吹市,市町村,city,19211,35.5996,138.6807,山梨県
19212,上野原市,市町村,city,19212,35.6342,139.0638,山梨県
19213,甲州市,市町村,city,19213,35.7265,138.7918,山梨県
19214,中央市,市町村,city,19214,35.5842,138.5411,山梨県
19346,市川三郷町,市町村,city,19346,35.5325,138.5132,山梨県
19364,早川町,市町村,city,19364,35.4674,138.3094,山梨県
19365,身延町,市町村,city,19365,35.4153,138.4681,山梨県
19366,南部町,市町村,city,19366,35.2593,138.4617,山梨県
19368,富士川町,市町村,city,19368,35.5433,138.4027,山梨県
19384,昭和町,市町村,city,19384,35.6279,138.5336,山梨県
19422,道志村,市町村,city,19422,35.5059,139.0130,山梨県
19423,西桂町,市町村,city,19423,35.5309,138.8357,山梨県
19424,忍野村,市町村,city,19424,35.4596,138.8560,山梨県
19425,山中湖村,市町村,city,19425,35.4230,138.8775,山梨県
19429,鳴沢村,市町村,city,19429,35.4278,138.6983,山梨県
19430,富士河口湖町,市町村,city,19430,35.4871,138.6879,山梨県
19442,小菅村,市町村,city,19442,35.7477,138.9428,山梨県
19443,丹波山村,市町村,city,19443,35.8015,138.9059,山梨県
20000,長野県,都道府県,area,20,36.1033,138.0717,長野県
20201,長野市,市町村,city,20201,36.6440,138.1018,長野県
20202,松本市,市町村,city,20202,36.2015,137.8141,長野県
20203,上田市,市町村,city,20203,36.3835,138.2419,長野県
20204,岡谷市,市町村,city,20204,36.0792,138.0480,長野県
20205,飯田市,市町村,city,20205,35.4398,137.9135,長野県
20206,諏訪市,市町村,city,20206,36.0290,138.1136,長野県
20207,須坂市,市町村,city,20207,36.6100,138.3488,長野県
20208,小諸市,市町村,city,20208,36.3391,138.4350,長野県
20209,伊那市,市町村,city,20209,35.7908,138.0740,長野県
20210,駒ヶ根市,市町村,city,20210,35.7277,137.9478,長野県
20211,中野市,市町村,city,20211,36.7695,138.3471,長野県
20212,大町市,市町村,city,20212,36.5056,137.7815,長野県
20213,飯山市,市町村,city,20213,36.9130,138.3841,長野県
20214,茅野市,市町村,city,20214,36.0252,138.2467,長野県
20215,塩尻市,市町村,city,20215,36.0381,137.9003,長野県
20217,佐久市,市町村,city,20217,36.2158,138.4452,長野県
20218,千曲市,市町村,city,20218,36.5062,138.1235,長野県
20219,東御市,市町村,city,20219,36.3739,138.3687,長野県
20220,安曇野市,市町村,city,20220,36.3280,137.8401,長野県
20303,小海町,市町村,city,20303,36.0687,138.4593,長野県
20304,川上村,市町村,city,20304,35.9417,138.6185,長野県
20305,南牧村,市町村,city,20305,35.9841,138.4583,長野県
20306,南相木村,市町村,city,20306,36.0185,138.5859,長野県
20307,北相木村,市町村,city,20307,36.0623,138.5901,長野県
20309,佐久穂町,市町村,city,20309,36.1224,138.4745,長野県
20321,軽井沢町,市町村,city,20321,36.3569,138.5894,長野県
20323,御代田町,市町村,city,20323,36.3341,138.5131,長野県
20324,立科町,市町村,city,20324,36.2113,138.2951,長野県
20349,青木村,市町村,city,20349,36.3644,138.1051,長野県
20350,長和町,市町村,city,20350,36.1882,138.2161,長野県
20361,下諏訪町,市町村,city,20361,36.1106,138.1125,長野県
20362,富士見町,市町村,city,20362,35.9007,138.2499,長野県
20363,原村,市町村,city,20363,35.9639,138.2569,長野県
20382,辰野町,市町村,city,20382,35.9841,137.9426,長野県
20383,箕輪町,市町村,city,20383,35.9243,137.9925,長野県
20384,飯島町,市町村,city,20384,35.6745,137.8785,長野県
20385,南箕輪村,市町村,city,20385,35.8974,137.8790,長野県
20386,中川村,市町村,city,20386,35.6392,137.9764,長野県
20388,宮田村,市町村,city,20388,35.7735,137.8808,長野県
20402,松川町,市町村,city,20402,35.6053,137.9092,長野県
20403,高森町,市町村,city,20403,35.5736,137.8588,長野県
20404,阿南町,市町村,city,20404,35.3171,137.7638,長野県
20407,阿智村,市町村,city,20407,35.4426,137.6864,長野県
20409,平谷村,市町村,city,20409,35.3333,137.6348,長野県
20410,根羽村,市町村,city,20410,35.2561,137.6041,長野県
20411,下條村,市町村,city,20411,35.3911,137.7752,長野県
20412,売木村,市町村,city,20412,35.2675,137.6961,長野県
20413,天龍村,市町村,city,20413,35.2539,137.8216,長野県
20414,泰阜村,市町村,city,20414,35.3633,137.8609,長野県
20415,喬木村,市町村,city,20415,35.4807,137.9269,長野県
20416,豊丘村,市町村,city,20416,35.5385,137.9502,長野県
20417,大鹿村,市町村,city,20417,35.5582,138.0744,長野県
20422,上松町,市町村,city,20422,35.7644,137.6820,長野県
20423,南木曽町,市町村,city,20423,35.6036,137.6179,長野県
20425,木祖村,市町村,city,20425,35.9965,137.7603,長野県
20429,王滝村,市町村,city,20429,35.8144,137.4750,長野県
20430,大桑村,市町村,city,20430,35.6908,137.6911,長野県
20432,木曽町,市町村,city,20432,35.9000,137.6535,長野県
20446,麻績村,市町村,city,20446,36.4629,138.0367,長野県
20448,生坂村,市町村,city,20448,36.4328,137.9436,長野県
20450,山形村,市町村,city,20450,36.1608,137.8623,長野県
20451,朝日村,市町村,city,20451,36.1049,137.8298,長野県
20452,筑北村,市町村,city,20452,36.4212,138.0401,長野県
20481,池田町,市町村,city,20481,36.4233,137.8977,長野県
20482,松川村,市町村,city,20482,36.4134,137.8262,長野県
20485,白馬村,市町村,city,20485,36.6961,137.8356,長野県
20486,小谷村,市町村,city,20486,36.8258,137.9159,長野県
20521,坂城町,市町村,city,20521,36.4528,138.1939,長野県
20541,小布施町,市町村,city,20541,36.7027,138.3160,長野県
20543,高山村,市町村,city,20543,36.6623,138.4232,長野県
20561,山ノ内町,市町村,city,20561,36.7513,138.5106,長野県
20562,木島平村,市町村,city,20562,36.8405,138.4662,長野県
20563,野沢温泉村,市町村,city,20563,36.9315,138.4671,長野県
20583,信濃町,市町村,city,20583,36.8102,138.1825,長野県
20588,小川村,市町村,city,20588,36.6342,137.9596,長野県
20590,飯綱町,市町村,city,20590,36.7553,138.2363,長野県
20602,栄村,市町村,city,20602,36.8797,138.5868,長野県
21000,岐阜県,都道府県,area,21,35.5167,136.8995,岐阜県
21201,岐阜市,市町村,city,21201,35.4483,136.7647,岐阜県
21202,大垣市,市町村,city,21202,35.2808,136.4627,岐阜県
21203,高山市,市町村,city,21203,36.1318,137.2858,岐阜県
21204,多治見市,市町村,city,21204,35.3340,137.1126,岐阜県
21205,関市,市町村,city,21205,35.6305,136.8743,岐阜県
21206,中津川市,市町村,city,21206,35.5666,137.4743,岐阜県
21207,美濃市,市町村,city,21207,35.5789,136.9012,岐阜県
21208,瑞浪市,市町村,city,21208,35.3894,137.2736,岐阜県
21209,羽島市,市町村,city,21209,35.3074,136.7016,岐阜県
21210,恵那市,市町村,city,21210,35.3707,137.4181,岐阜県
21211,美濃加茂市,市町村,city,21211,35.4839,137.0266,岐阜県
21212,土岐市,市町村,city,21212,35.3242,137.2074,岐阜県
21213,各務原市,市町村,city,21213,35.4028,136.8783,岐阜県
21214,可児市,市町村,city,21214,35.4044,137.0650,岐阜県
21215,山県市,市町村,city,21215,35.5989,136.7431,岐阜県
21216,瑞穂市,市町村,city,21216,35.3967,136.6702,岐阜県
21217,飛騨市,市町村,city,21217,36.3327,137.2057,岐阜県
21218,本巣市,市町村,city,21218,35.6555,136.6199,岐阜県
21219,郡上市,市町村,city,21219,35.8330,136.9456,岐阜県
21220,下呂市,市町村,city,21220,35.8420,137.2380,岐阜県
21221,海津市,市町村,city,21221,35.2138,136.6244,岐阜県
21302,岐南町,市町村,city,21302,35.3863,136.7869,岐阜県
21303,笠松町,市町村,city,21303,35.3660,136.7694,岐阜県
21341,養老町,市町村,city,21341,35.2911,136.5644,岐阜県
21361,垂井町,市町村,city,21361,35.3859,136.5164,岐阜県
21362,関ケ原町,市町村,city,21362,35.3480,136.4458,岐阜県
21381,神戸町,市町村,city,21381,35.4157,136.6092,岐阜県
21382,輪之内町,市町村,city,21382,35.2860,136.6350,岐阜県
21383,安八町,市町村,city,21383,35.3366,136.6627,岐阜県
21401,揖斐川町,市町村,city,21401,35.6050,136.4522,岐阜県
21403,大野町,市町村,city,21403,35.4681,136.6267,岐阜県
21404,池田町,市町村,city,21404,35.4404,136.5564,岐阜県
21421,北方町,市町村,city,21421,35.4304,136.6897,岐阜県
21501,坂祝町,市町村,city,21501,35.4338,136.9765,岐阜県
21502,富加町,市町村,city,21502,35.4918,136.9774,岐阜県
21503,川辺町,市町村,city,21503,35.5106,137.0815,岐阜県
21504,七宗町,市町村,city,21504,35.5774,137.1132,岐阜県
21505,八百津町,市町村,city,21505,35.5008,137.1864,岐阜県
21506,白川町,市町村,city,21506,35.6067,137.2628,岐阜県
21507,東白川村,市町村,city,21507,35.6428,137.3377,岐阜県
21521,御嵩町,市町村,city,21521,35.4335,137.1544,岐阜県
21604,白川村,市町村,city,21604,36.2198,136.8794,岐阜県
22000,静岡県,都道府県,area,22,34.9308,138.4185,静岡県
22100,静岡市,政令市,city_sum,22101-22103,35.0962,138.3774,静岡県
22101,静岡市葵区,市町村,city,22101,35.2396,138.2642,静岡県
22102,静岡市駿河区,市町村,city,22102,34.9518,138.3824,静岡県
22103,静岡市清水区,市町村,city,22103,35.0971,138.4855,静岡県
22130,浜松市,政令市,city_sum,22131-22137,34.9184,138.4216,静岡県
22131,浜松市中区,市町村,city,22131,34.7291,137.7196,静岡県
22132,浜松市東区,市町村,city,22132,34.7498,137.7779,静岡県
22133,浜松市西区,市町村,city,22133,34.7287,137.6369,静岡県
22134,浜松市南区,市町村,city,22134,34.6808,137.7473,静岡県
22135,浜松市北区,市町村,city,22135,34.8367,137.6403,静岡県
22136,浜松市浜北区,市町村,city,22136,34.8208,137.7824,静岡県
22137,浜松市天竜区,市町村,city,22137,35.0598,137.8849,静岡県
22203,沼津市,市町村,city,22203,35.0774,138.8306,静岡県
22205,熱海市,市町村,city,22205,35.0911,139.0623,静岡県
22206,三島市,市町村,city,22206,35.1394,138.9488,静岡県
22207,富士宮市,市町村,city,22207,35.3025,138.6088,静岡県
22208,伊東市,市町村,city,22208,34.9356,139.0872,静岡県
22209,島田市,市町村,city,22209,34.9122,138.1266,静岡県
22210,富士市,市町村,city,22210,35.2011,138.6991,静岡県
22211,磐田市,市町村,city,22211,34.7446,137.8505,静岡県
22212,焼津市,市町村,city,22212,34.8403,138.3013,静岡県
22213,掛川市,市町村,city,22213,34.7800,138.0190,静岡県
22214,藤枝市,市町村,city,22214,34.9196,138.2338,静岡県
22215,御殿場市,市町村,city,22215,35.2989,138.8790,静岡県
22216,袋井市,市町村,city,22216,34.7418,137.9280,静岡県
22219,下田市,市町村,city,22219,34.7091,138.9213,静岡県
22220,裾野市,市町村,city,22220,35.2255,138.8773,静岡県
22221,湖西市,市町村,city,22221,34.7227,137.5265,静岡県
22222,伊豆市,市町村,city,22222,34.9223,138.9259,静岡県
22223,御前崎市,市町村,city,22223,34.6486,138.1475,静岡県
22224,菊川市,市町村,city,22224,34.7388,138.1005,静岡県
22225,伊豆の国市,市町村,city,22225,35.0380,138.9729,静岡県
22226,牧之原市,市町村,city,22226,34.7322,138.1857,静岡県
22301,東伊豆町,市町村,city,22301,34.8266,139.0283,静岡県
22302,河津町,市町村,city,22302,34.7861,138.9526,静岡県
22304,南伊豆町,市町村,city,22304,34.6645,138.8315,静岡県
22305,松崎町,市町村,city,22305,34.7459,138.8205,静岡県
22306,西伊豆町,市町村,city,22306,34.8234,138.8174,静岡県
22325,函南町,市町村,city,22325,35.1139,138.9940,静岡県
22341,清水町,市町村,city,22341,35.0975,138.8987,静岡県
22342,長泉町,市町村,city,22342,35.1661,138.8710,静岡県
22344,小山町,市町村,city,22344,35.3600,138.9193,静岡県
22424,吉田町,市町村,city,22424,34.7735,138.2572,静岡県
22429,川根本町,市町村,city,22429,35.1636,138.1033,静岡県
22461,森町,市町村,city,22461,34.8866,137.9476,静岡県
23000,愛知県,都道府県,area,23,35.0851,136.9984,愛知県
23100,名古屋市,政令市,city_sum,23101-23116,35.0851,136.9984,愛知県
23101,名古屋市千種区,市町村,city,23101,35.1698,136.9617,愛知県
23102,名古屋市東区,市町村,city,23102,35.1831,136.9323,愛知県
23103,名古屋市北区,市町村,city,23103,35.2112,136.9179,愛知県
23104,名古屋市西区,市町村,city,23104,35.2072,136.8833,愛知県
23105,名古屋市中村区,市町村,city,23105,35.1669,136.8601,愛知県
23106,名古屋市中区,市町村,city,23106,35.1636,136.9053,愛知県
23107,名古屋市昭和区,市町村,city,23107,35.1475,136.9419,愛知県
23108,名古屋市瑞穂区,市町村,city,23108,35.1258,136.9375,愛知県
23109,名古屋市熱田区,市町村,city,23109,35.1282,136.9004,愛知県
23110,名古屋市中川区,市町村,city,23110,35.1390,136.8447,愛知県
23111,名古屋市港区,市町村,city,23111,35.0983,136.8515,愛知県
23112,名古屋市南区,市町村,city,23112,35.0942,136.9235,愛知県
23113,名古屋市守山区,市町村,city,23113,35.2203,136.9958,愛知県
23114,名古屋市緑区,市町村,city,23114,35.0778,136.9700,愛知県
23115,名古屋市名東区,市町村,city,23115,35.1678,137.0053,愛知県
23116,名古屋市天白区,市町村,city,23116,35.1227,136.9837,愛知県
23201,豊橋市,市町村,city,23201,34.7398,137.4073,愛知県
23202,岡崎市,市町村,city,23202,34.9511,137.2583,愛知県
23203,一宮市,市町村,city,23203,35.3087,136.7930,愛知県
23204,瀬戸市,市町村,city,23204,35.2382,137.1168,愛知県
23205,半田市,市町村,city,23205,34.8996,136.9263,愛知県
23206,春日井市,市町村,city,23206,35.2730,137.0067,愛知県
23207,豊川市,市町村,city,23207,34.8475,137.3611,愛知県
23208,津島市,市町村,city,23208,35.1696,136.7527,愛知県
23209,碧南市,市町村,city,23209,34.8789,136.9923,愛知県
23210,刈谷市,市町村,city,23210,35.0029,137.0174,愛知県
23211,豊田市,市町村,city,23211,35.1419,137.3012,愛知県
23212,安城市,市町村,city,23212,34.9436,137.0719,愛知県
23213,西尾市,市町村,city,23213,34.8335,137.0704,愛知県
23214,蒲郡市,市町村,city,23214,34.8267,137.2278,愛知県
23215,犬山市,市町村,city,23215,35.3617,136.9804,愛知県
23216,常滑市,市町村,city,23216,34.8898,136.8582,愛知県
23217,江南市,市町村,city,23217,35.3432,136.8703,愛知県
23219,小牧市,市町村,city,23219,35.2986,136.9501,愛知県
23220,稲沢市,市町村,city,23220,35.2398,136.7635,愛知県
23221,新城市,市町村,city,23221,34.9601,137.5427,愛知県
23222,東海市,市町村,city,23222,35.0263,136.8999,愛知県
23223,大府市,市町村,city,23223,35.0189,136.9548,愛知県
23224,知多市,市町村,city,23224,34.9703,136.8650,愛知県
23225,知立市,市町村,city,23225,34.9991,137.0496,愛知県
23226,尾張旭市,市町村,city,23226,35.2170,137.0365,愛知県
23227,高浜市,市町村,city,23227,34.9324,136.9955,愛知県
23228,岩倉市,市町村,city,23228,35.2784,136.8688,愛知県
23229,豊明市,市町村,city,23229,35.0606,137.0102,愛知県
23230,日進市,市町村,city,23230,35.1375,137.0511,愛知県
23231,田原市,市町村,city,23231,34.6409,137.1838,愛知県
23232,愛西市,市町村,city,23232,35.1718,136.7113,愛知県
23233,清須市,市町村,city,23233,35.2132,136.8476,愛知県
23234,北名古屋市,市町村,city,23234,35.2470,136.8728,愛知県
23235,弥富市,市町村,city,23235,35.0814,136.7611,愛知県
23236,みよし市,市町村,city,23236,35.0942,137.0888,愛知県
23237,あま市,市町村,city,23237,35.1884,136.8034,愛知県
23238,長久手市,市町村,city,23238,35.1757,137.0591,愛知県
23302,東郷町,市町村,city,23302,35.1010,137.0537,愛知県
23342,豊山町,市町村,city,23342,35.2509,136.9163,愛知県
23361,大口町,市町村,city,23361,35.3313,136.9109,愛知県
23362,扶桑町,市町村,city,23362,35.3610,136.9134,愛知県
23424,大治町,市町村,city,23424,35.1734,136.8224,愛知県
23425,蟹江町,市町村,city,23425,35.1303,136.7853,愛知県
23427,飛島村,市町村,city,23427,35.0763,136.8016,愛知県
23441,阿久比町,市町村,city,23441,34.9350,136.9109,愛知県
23442,東浦町,市町村,city,23442,34.9688,136.9554,愛知県
23445,南知多町,市町村,city,23445,34.7297,136.9179,愛知県
23446,美浜町,市町村,city,23446,34.7778,136.8898,愛知県
23447,武豊町,市町村,city,23447,34.8434,136.9071,愛知県
23501,幸田町,市町村,city,23501,34.8621,137.1659,愛知県
23561,設楽町,市町村,city,23561,35.1226,137.5548,愛知県
23562,東栄町,市町村,city,23562,35.0896,137.6901,愛知県
23563,豊根村,市町村,city,23563,35.1714,137.7395,愛知県
23801,名古屋港口埋立地,市町村,city,23801,35.0071,136.8125,愛知県
24000,三重県,都道府県,area,24,34.5711,136.4561,三重県
24201,津市,市町村,city,24201,34.6600,136.3667,三重県
24202,四日市市,市町村,city,24202,34.9797,136.5743,三重県
24203,伊勢市,市町村,city,24203,34.4674,136.7159,三重県
24204,松阪市,市町村,city,24204,34.4867,136.3569,三重県
24205,桑名市,市町村,city,24205,35.0942,136.6562,三重県
24207,鈴鹿市,市町村,city,24207,34.8902,136.5224,三重県
24208,名張市,市町村,city,24208,34.6092,136.1183,三重県
24209,尾鷲市,市町村,city,24209,34.0345,136.1790,三重県
24210,亀山市,市町村,city,24210,34.8687,136.3934,三重県
24211,鳥羽市,市町村,city,24211,34.4361,136.8541,三重県
24212,熊野市,市町村,city,24212,33.9229,136.0263,三重県
24214,いなべ市,市町村,city,24214,35.1606,136.5079,三重県
24215,志摩市,市町村,city,24215,34.3384,136.8131,三重県
24216,伊賀市,市町村,city,24216,34.7496,136.1850,三重県
24303,木曽岬町,市町村,city,24303,35.0654,136.7402,三重県
24324,東員町,市町村,city,24324,35.0795,136.5898,三重県
24341,菰野町,市町村,city,24341,35.0403,136.4836,三重県
24343,朝日町,市町村,city,24343,35.0364,136.6615,三重県
24344,川越町,市町村,city,24344,35.0200,136.6804,三重県
24441,多気町,市町村,city,24441,34.4702,136.5015,三重県
24442,明和町,市町村,city,24442,34.5505,136.6265,三重県
24443,大台町,市町村,city,24443,34.3161,136.2627,三重県
24461,玉城町,市町村,city,24461,34.4808,136.6205,三重県
24470,度会町,市町村,city,24470,34.3902,136.5787,三重県
24471,大紀町,市町村,city,24471,34.3158,136.4121,三重県
24472,南伊勢町,市町村,city,24472,34.3113,136.5847,三重県
24543,紀北町,市町村,city,24543,34.1764,136.2367,三重県
24561,御浜町,市町村,city,24561,33.8400,136.0093,三重県
24562,紀宝町,市町村,city,24562,33.7720,135.9695,三重県
25000,滋賀県,都道府県,area,25,35.1510,136.1431,滋賀県
25201,大津市,市町村,city,25201,35.0877,135.9125,滋賀県
25202,彦根市,市町村,city,25202,35.2652,136.2059,滋賀県
25203,長浜市,市町村,city,25203,35.5006,136.2247,滋賀県
25204,近江八幡市,市町村,city,25204,35.1651,136.0765,滋賀県
25206,草津市,市町村,city,25206,35.0261,135.9380,滋賀県
25207,守山市,市町村,city,25207,35.0902,135.9698,滋賀県
25208,栗東市,市町村,city,25208,34.9990,136.0142,滋賀県
25209,甲賀市,市町村,city,25209,34.9179,136.1799,滋賀県
25210,野洲市,市町村,city,25210,35.1036,136.0204,滋賀県
25211,湖南市,市町村,city,25211,34.9999,136.0874,滋賀県
25212,高島市,市町村,city,25212,35.3719,135.9861,滋賀県
25213,東近江市,市町村,city,25213,35.1071,136.2873,滋賀県
25214,米原市,市町村,city,25214,35.3839,136.3509,滋賀県
25383,日野町,市町村,city,25383,35.0130,136.2637,滋賀県
25384,竜王町,市町村,city,25384,35.0576,136.1134,滋賀県
25425,愛荘町,市町村,city,25425,35.1692,136.2480,滋賀県
25441,豊郷町,市町村,city,25441,35.1984,136.2318,滋賀県
25442,甲良町,市町村,city,25442,35.2025,136.2651,滋賀県
25443,多賀町,市町村,city,25443,35.2108,136.3444,滋賀県
26000,京都府,都道府県,area,26,35.0538,135.6447,京都府
26100,京都市,政令市,city_sum,26101-26111,35.0538,135.6447,京都府
26101,京都市北区,市町村,city,26101,35.1026,135.7134,京都府
26102,京都市上京区,市町村,city,26102,35.0267,135.7529,京都府
26103,京都市左京区,市町村,city,26103,35.1656,135.7962,京都府
26104,京都市中京区,市町村,city,26104,35.0104,135.7468,京都府
26105,京都市東山区,市町村,city,26105,34.9910,135.7787,京都府
26106,京都市下京区,市町村,city,26106,34.9929,135.7505,京都府
26107,京都市南区,市町村,city,26107,34.9673,135.7356,京都府
26108,京都市右京区,市町村,city,26108,35.1490,135.6651,京都府
26109,京都市伏見区,市町村,city,26109,34.9369,135.7748,京都府
26110,京都市山科区,市町村,city,26110,34.9832,135.8164,京都府
26111,京都市西京区,市町村,city,26111,34.9729,135.6605,京都府
26201,福知山市,市町村,city,26201,35.3240,135.1133,京都府
26202,舞鶴市,市町村,city,26202,35.4695,135.3396,京都府
26203,綾部市,市町村,city,26203,35.3526,135.3446,京都府
26204,宇治市,市町村,city,26204,34.9030,135.8204,京都府
26205,宮津市,市町村,city,26205,35.5719,135.2069,京都府
26206,亀岡市,市町村,city,26206,35.0102,135.5390,京都府
26207,城陽市,市町村,city,26207,34.8457,135.7976,京都府
26208,向日市,市町村,city,26208,34.9498,135.7027,京都府
26209,長岡京市,市町村,city,26209,34.9246,135.6801,京都府
26210,八幡市,市町村,city,26210,34.8670,135.7144,京都府
26211,京田辺市,市町村,city,26211,34.8066,135.7586,京都府
26212,京丹後市,市町村,city,26212,35.6308,135.0458,京都府
26213,南丹市,市町村,city,26213,35.2274,135.5594,京都府
26214,木津川市,市町村,city,26214,34.7512,135.8478,京都府
26303,大山崎町,市町村,city,26303,34.9022,135.6871,京都府
26322,久御山町,市町村,city,26322,34.8896,135.7453,京都府
26343,井手町,市町村,city,26343,34.8103,135.8285,京都府
26344,宇治田原町,市町村,city,26344,34.8549,135.8876,京都府
26364,笠置町,市町村,city,26364,34.7645,135.9497,京都府
26365,和束町,市町村,city,26365,34.8105,135.9294,京都府
26366,精華町,市町村,city,26366,34.7575,135.7759,京都府
26367,南山城村,市町村,city,26367,34.7661,136.0024,京都府
26407,京丹波町,市町村,city,26407,35.2233,135.3911,京都府
26463,伊根町,市町村,city,26463,35.7142,135.2476,京都府
26465,与謝野町,市町村,city,26465,35.5101,135.1022,京都府
27000,大阪府,都道府県,area,27,34.6263,135.5110,大阪府
27100,大阪市,政令市,city_sum,27102-27128,34.6717,135.5065,大阪府
27102,大阪市都島区,市町村,city,27102,34.7119,135.5272,大阪府
27103,大阪市福島区,市町村,city,27103,34.6939,135.4753,大阪府
27104,大阪市此花区,市町村,city,27104,34.6771,135.4395,大阪府
27106,大阪市西区,市町村,city,27106,34.6778,135.4838,大阪府
27107,大阪市港区,市町村,city,27107,34.6603,135.4508,大阪府
27108,大阪市大正区,市町村,city,27108,34.6441,135.4663,大阪府
27109,大阪市天王寺区,市町村,city,27109,34.6599,135.5204,大阪府
27111,大阪市浪速区,市町村,city,27111,34.6596,135.4954,大阪府
27113,大阪市西淀川区,市町村,city,27113,34.7039,135.4412,大阪府
27114,大阪市東淀川区,市町村,city,27114,34.7433,135.5308,大阪府
27115,大阪市東成区,市町村,city,27115,34.6731,135.5469,大阪府
27116,大阪市生野区,市町村,city,27116,34.6524,135.5444,大阪府
27117,大阪市旭区,市町村,city,27117,34.7255,135.5473,大阪府
27118,大阪市城東区,市町村,city,27118,34.6966,135.5489,大阪府
27119,大阪市阿倍野区,市町村,city,27119,34.6330,135.5135,大阪府
27120,大阪市住吉区,市町村,city,27120,34.6049,135.5047,大阪府
27121,大阪市東住吉区,市町村,city,27121,34.6190,135.5316,大阪府
27122,大阪市西成区,市町村,city,27122,34.6386,135.4900,大阪府
27123,大阪市淀川区,市町村,city,27123,34.7290,135.4822,大阪府
27124,大阪市鶴見区,市町村,city,27124,34.7035,135.5754,大阪府
27125,大阪市住之江区,市町村,city,27125,34.6140,135.4641,大阪府
27126,大阪市平野区,市町村,city,27126,34.6150,135.5607,大阪府
27127,大阪市北区,市町村,city,27127,34.7052,135.5019,大阪府
27128,大阪市中央区,市町村,city,27128,34.6801,135.5141,大阪府
27140,堺市,政令市,city_sum,27141-27147,34.6036,135.5133,大阪府
27141,堺市堺区,市町村,city,27141,34.5811,135.4690,大阪府
27142,堺市中区,市町村,city,27142,34.5244,135.5041,大阪府
27143,堺市東区,市町村,city,27143,34.5356,135.5342,大阪府
27144,堺市西区,市町村,city,27144,34.5488,135.4499,大阪府
27145,堺市南区,市町村,city,27145,34.4758,135.5065,大阪府
27146,堺市北区,市町村,city,27146,34.5653,135.5131,大阪府
27147,堺市美原区,市町村,city,27147,34.5362,135.5637,大阪府
27202,岸和田市,市町村,city,27202,34.4275,135.4160,大阪府
27203,豊中市,市町村,city,27203,34.7819,135.4728,大阪府
27204,池田市,市町村,city,27204,34.8344,135.4383,大阪府
27205,吹田市,市町村,city,27205,34.7856,135.5191,大阪府
27206,泉大津市,市町村,city,27206,34.5063,135.4046,大阪府
27207,高槻市,市町村,city,27207,34.8808,135.6079,大阪府
27208,貝塚市,市町村,city,27208,34.3984,135.3874,大阪府
27209,守口市,市町村,city,27209,34.7418,135.5764,大阪府
27210,枚方市,市町村,city,27210,34.8176,135.6817,大阪府
27211,茨木市,市町村,city,27211,34.8559,135.5500,大阪府
27212,八尾市,市町村,city,27212,34.6203,135.6162,大阪府
27213,泉佐野市,市町村,city,27213,34.3758,135.3419,大阪府
27214,富田林市,市町村,city,27214,34.4888,135.5943,大阪府
27215,寝屋川市,市町村,city,27215,34.7654,135.6269,大阪府
27216,河内長野市,市町村,city,27216,34.4055,135.5669,大阪府
27217,松原市,市町村,city,27217,34.5802,135.5512,大阪府
27218,大東市,市町村,city,27218,34.7128,135.6357,大阪府
27219,和泉市,市町村,city,27219,34.4313,135.4716,大阪府
27220,箕面市,市町村,city,27220,34.8559,135.4793,大阪府
27221,柏原市,市町村,city,27221,34.5790,135.6464,大阪府
27222,羽曳野市,市町村,city,27222,34.5482,135.6060,大阪府
27223,門真市,市町村,city,27223,34.7321,135.5993,大阪府
27224,摂津市,市町村,city,27224,34.7760,135.5696,大阪府
27225,高石市,市町村,city,27225,34.5235,135.4396,大阪府
27226,藤井寺市,市町村,city,27226,34.5741,135.6040,大阪府
27227,東大阪市,市町村,city,27227,34.6711,135.6176,大阪府
27228,泉南市,市町村,city,27228,34.3489,135.2942,大阪府
27229,四條畷市,市町村,city,27229,34.7324,135.6679,大阪府
27230,交野市,市町村,city,27230,34.7722,135.6869,大阪府
27231,大阪狭山市,市町村,city,27231,34.4965,135.5489,大阪府
27232,阪南市,市町村,city,27232,34.3312,135.2352,大阪府
27301,島本町,市町村,city,27301,34.8989,135.6532,大阪府
27321,豊能町,市町村,city,27321,34.9138,135.4822,大阪府
27322,能勢町,市町村,city,27322,34.9808,135.4130,大阪府
27341,忠岡町,市町村,city,27341,34.4924,135.3939,大阪府
27361,熊取町,市町村,city,27361,34.3890,135.3640,大阪府
27362,田尻町,市町村,city,27362,34.4344,135.2347,大阪府
27366,岬町,市町村,city,27366,34.3032,135.1520,大阪府
27381,太子町,市町村,city,27381,34.5176,135.6527,大阪府
27382,河南町,市町村,city,27382,34.4846,135.6490,大阪府
27383,千早赤阪村,市町村,city,27383,34.4384,135.6481,大阪府
28000,兵庫県,都道府県,area,28,34.8851,134.9318,兵庫県
28100,神戸市,政令市,city_sum,28101-28111,34.8851,134.9318,兵庫県
28101,神戸市東灘区,市町村,city,28101,34.7327,135.2696,兵庫県
28102,神戸市灘区,市町村,city,28102,34.7340,135.2281,兵庫県
28105,神戸市兵庫区,市町村,city,28105,34.6797,135.1652,兵庫県
28106,神戸市長田区,市町村,city,28106,34.6685,135.1444,兵庫県
28107,神戸市須磨区,市町村,city,28107,34.6710,135.1064,兵庫県
28108,神戸市垂水区,市町村,city,28108,34.6495,135.0597,兵庫県
28109,神戸市北区,市町村,city,28109,34.7962,135.1714,兵庫県
28110,神戸市中央区,市町村,city,28110,34.7012,135.1922,兵庫県
28111,神戸市西区,市町村,city,28111,34.7177,135.0168,兵庫県
28201,姫路市,市町村,city,28201,34.9107,134.6708,兵庫県
28202,尼崎市,市町村,city,28202,34.7343,135.4114,兵庫県
28203,明石市,市町村,city,28203,34.6826,134.9431,兵庫県
28204,西宮市,市町村,city,28204,34.7861,135.3122,兵庫県
28205,洲本市,市町村,city,28205,34.3391,134.8545,兵庫県
28206,芦屋市,市町村,city,28206,34.7485,135.2985,兵庫県
28207,伊丹市,市町村,city,28207,34.7854,135.4068,兵庫県
28208,相生市,市町村,city,28208,34.8406,134.4557,兵庫県
28209,豊岡市,市町村,city,28209,35.5129,134.8265,兵庫県
28210,加古川市,市町村,city,28210,34.7915,134.8511,兵庫県
28212,赤穂市,市町村,city,28212,34.7889,134.3725,兵庫県
28213,西脇市,市町村,city,28213,35.0092,134.9949,兵庫県
28214,宝塚市,市町村,city,28214,34.8541,135.3355,兵庫県
28215,三木市,市町村,city,28215,34.8353,135.0589,兵庫県
28216,高砂市,市町村,city,28216,34.7752,134.7858,兵庫県
28217,川西市,市町村,city,28217,34.8776,135.4111,兵庫県
28218,小野市,市町村,city,28218,34.8587,134.9515,兵庫県
28219,三田市,市町村,city,28219,34.9521,135.2175,兵庫県
28220,加西市,市町村,city,28220,34.9232,134.8542,兵庫県
28221,丹波篠山市,市町村,city,28221,35.0735,135.2317,兵庫県
28222,養父市,市町村,city,28222,35.3531,134.6859,兵庫県
28223,丹波市,市町村,city,28223,35.1746,135.0495,兵庫県
28224,南あわじ市,市町村,city,28224,34.2752,134.7643,兵庫県
28225,朝来市,市町村,city,28225,35.2609,134.8256,兵庫県
28226,淡路市,市町村,city,28226,34.4947,134.9133,兵庫県
28227,宍粟市,市町村,city,28227,35.1537,134.5452,兵庫県
28228,加東市,市町村,city,28228,34.9277,135.0225,兵庫県
28229,たつの市,市町村,city,28229,34.8877,134.5188,兵庫県
28301,猪名川町,市町村,city,28301,34.9461,135.3498,兵庫県
28365,多可町,市町村,city,28365,35.0836,134.9049,兵庫県
28381,稲美町,市町村,city,28381,34.7524,134.9235,兵庫県
28382,播磨町,市町村,city,28382,34.7182,134.8693,兵庫県
28442,市川町,市町村,city,28442,35.0141,134.7813,兵庫県
28443,福崎町,市町村,city,28443,34.9630,134.7510,兵庫県
28446,神河町,市町村,city,28446,35.1106,134.7688,兵庫県
28464,太子町,市町村,city,28464,34.8333,134.5910,兵庫県
28481,上郡町,市町村,city,28481,34.8865,134.3504,兵庫県
28501,佐用町,市町村,city,28501,35.0203,134.3705,兵庫県
28585,香美町,市町村,city,28585,35.5232,134.5903,兵庫県
28586,新温泉町,市町村,city,28586,35.5596,134.4828,兵庫県
29000,奈良県,都道府県,area,29,34.4644,135.8256,奈良県
29201,奈良市,市町村,city,29201,34.6745,135.8909,奈良県
29202,大和高田市,市町村,city,29202,34.5101,135.7437,奈良県
29203,大和郡山市,市町村,city,29203,34.6339,135.7747,奈良県
29204,天理市,市町村,city,29204,34.5956,135.8643,奈良県
29205,橿原市,市町村,city,29205,34.5014,135.7899,奈良県
29206,桜井市,市町村,city,29206,34.5214,135.8797,奈良県
29207,五條市,市町村,city,29207,34.2569,135.7504,奈良県
29208,御所市,市町村,city,29208,34.4332,135.7210,奈良県
29209,生駒市,市町村,city,29209,34.7079,135.7104,奈良県
29210,香芝市,市町村,city,29210,34.5486,135.6900,奈良県
29211,葛城市,市町村,city,29211,34.4968,135.7046,奈良県
29212,宇陀市,市町村,city,29212,34.5204,135.9979,奈良県
29322,山添村,市町村,city,29322,34.6641,136.0269,奈良県
29342,平群町,市町村,city,29342,34.6331,135.6883,奈良県
29343,三郷町,市町村,city,29343,34.6036,135.6839,奈良県
29344,斑鳩町,市町村,city,29344,34.6139,135.7305,奈良県
29345,安堵町,市町村,city,29345,34.6018,135.7554,奈良県
29361,川西町,市町村,city,29361,34.5878,135.7724,奈良県
29362,三宅町,市町村,city,29362,34.5736,135.7739,奈良県
29363,田原本町,市町村,city,29363,34.5541,135.7938,奈良県
29385,曽爾村,市町村,city,29385,34.5184,136.1227,奈良県
29386,御杖村,市町村,city,29386,34.4777,136.1594,奈良県
29401,高取町,市町村,city,29401,34.4381,135.7948,奈良県
29402,明日香村,市町村,city,29402,34.4589,135.8281,奈良県
29424,上牧町,市町村,city,29424,34.5655,135.7155,奈良県
29425,王寺町,市町村,city,29425,34.5847,135.6959,奈良県
29426,広陵町,市町村,city,29426,34.5507,135.7468,奈良県
29427,河合町,市町村,city,29427,34.5803,135.7321,奈良県
29441,吉野町,市町村,city,29441,34.3987,135.8936,奈良県
29442,大淀町,市町村,city,29442,34.4029,135.7985,奈良県
29443,下市町,市町村,city,29443,34.3378,135.8068,奈良県
29444,黒滝村,市町村,city,29444,34.3080,135.8639,奈良県
29446,天川村,市町村,city,29446,34.2272,135.8684,奈良県
29447,野迫川村,市町村,city,29447,34.1361,135.6445,奈良県
29449,十津川村,市町村,city,29449,34.0107,135.7643,奈良県
29450,下北山村,市町村,city,29450,34.0454,135.9523,奈良県
29451,上北山村,市町村,city,29451,34.1376,136.0205,奈良県
29452,川上村,市町村,city,29452,34.2927,136.0204,奈良県
29453,東吉野村,市町村,city,29453,34.4066,136.0279,奈良県
30000,和歌山県,都道府県,area,30,33.9371,135.4651,和歌山県
30201,和歌山市,市町村,city,30201,34.2414,135.1991,和歌山県
30202,海南市,市町村,city,30202,34.1412,135.2254,和歌山県
30203,橋本市,市町村,city,30203,34.3229,135.6105,和歌山県
30204,有田市,市町村,city,30204,34.0816,135.1429,和歌山県
30205,御坊市,市町村,city,30205,33.8806,135.1762,和歌山県
30206,田辺市,市町村,city,30206,33.8263,135.5776,和歌山県
30207,新宮市,市町村,city,30207,33.7608,135.8584,和歌山県
30208,紀の川市,市町村,city,30208,34.2541,135.3941,和歌山県
30209,岩出市,市町村,city,30209,34.2809,135.3056,和歌山県
30304,紀美野町,市町村,city,30304,34.1540,135.3894,和歌山県
30341,かつらぎ町,市町村,city,30341,34.2365,135.5124,和歌山県
30343,九度山町,市町村,city,30343,34.2661,135.5801,和歌山県
30344,高野町,市町村,city,30344,34.2144,135.6091,和歌山県
30361,湯浅町,市町村,city,30361,34.0355,135.1927,和歌山県
30362,広川町,市町村,city,30362,33.9911,135.2073,和歌山県
30366,有田川町,市町村,city,30366,34.0719,135.3664,和歌山県
30381,美浜町,市町村,city,30381,33.8956,135.1155,和歌山県
30382,日高町,市町村,city,30382,33.9328,135.1220,和歌山県
30383,由良町,市町村,city,30383,33.9755,135.1223,和歌山県
30390,印南町,市町村,city,30390,33.8563,135.2787,和歌山県
30391,みなべ町,市町村,city,30391,33.8296,135.3499,和歌山県
30392,日高川町,市町村,city,30392,33.9597,135.3585,和歌山県
30401,白浜町,市町村,city,30401,33.6363,135.4723,和歌山県
30404,上富田町,市町村,city,30404,33.7063,135.4573,和歌山県
30406,すさみ町,市町村,city,30406,33.5717,135.5705,和歌山県
30421,那智勝浦町,市町村,city,30421,33.6425,135.8751,和歌山県
30422,太地町,市町村,city,30422,33.5900,135.9422,和歌山県
30424,古座川町,市町村,city,30424,33.6111,135.7356,和歌山県
30427,北山村,市町村,city,30427,33.9599,135.9514,和歌山県
30428,串本町,市町村,city,30428,33.5183,135.7589,和歌山県
30801,鰹島,市町村,city,30801,33.6062,135.9618,和歌山県
31000,鳥取県,都道府県,area,31,35.3808,133.7364,鳥取県
31201,鳥取市,市町村,city,31201,35.4298,134.1582,鳥取県
31202,米子市,市町村,city,31202,35.4341,133.3592,鳥取県
31203,倉吉市,市町村,city,31203,35.3905,133.7456,鳥取県
31204,境港市,市町村,city,31204,35.5188,133.2312,鳥取県
31302,岩美町,市町村,city,31302,35.5445,134.3627,鳥取県
31325,若桜町,市町村,city,31325,35.3227,134.4404,鳥取県
31328,智頭町,市町村,city,31328,35.2496,134.2627,鳥取県
31329,八頭町,市町村,city,31329,35.3814,134.3209,鳥取県
31364,三朝町,市町村,city,31364,35.3527,133.8939,鳥取県
31370,湯梨浜町,市町村,city,31370,35.4727,133.9093,鳥取県
31371,琴浦町,市町村,city,31371,35.4503,133.6409,鳥取県
31372,北栄町,市町村,city,31372,35.4759,133.7689,鳥取県
31384,日吉津村,市町村,city,31384,35.4439,133.3795,鳥取県
31386,大山町,市町村,city,31386,35.4528,133.5288,鳥取県
31389,南部町,市町村,city,31389,35.3205,133.3501,鳥取県
31390,伯耆町,市町村,city,31390,35.3333,133.4418,鳥取県
31401,日南町,市町村,city,31401,35.1576,133.2612,鳥取県
31402,日野町,市町村,city,31402,35.2097,133.4149,鳥取県
31403,江府町,市町村,city,31403,35.2934,133.5211,鳥取県
32000,島根県,都道府県,area,32,35.2324,132.6461,島根県
32201,松江市,市町村,city,32201,35.4677,133.0687,島根県
32202,浜田市,市町村,city,32202,34.8217,132.1413,島根県
32203,出雲市,市町村,city,32203,35.3454,132.7547,島根県
32204,益田市,市町村,city,32204,34.6241,131.9442,島根県
32205,大田市,市町村,city,32205,35.1356,132.4944,島根県
32206,安来市,市町村,city,32206,35.3339,133.1995,島根県
32207,江津市,市町村,city,32207,34.9749,132.2957,島根県
32209,雲南市,市町村,city,32209,35.2436,132.8954,島根県
32343,奥出雲町,市町村,city,32343,35.1579,133.0416,島根県
32386,飯南町,市町村,city,32386,35.0611,132.7371,島根県
32441,川本町,市町村,city,32441,34.9904,132.4782,島根県
32448,美郷町,市町村,city,32448,35.0296,132.5991,島根県
32449,邑南町,市町村,city,32449,34.8768,132.5017,島根県
32501,津和野町,市町村,city,32501,34.5126,131.8083,島根県
32505,吉賀町,市町村,city,32505,34.3945,131.8919,島根県
32525,海士町,市町村,city,32525,36.0839,133.0984,島根県
32526,西ノ島町,市町村,city,32526,36.0964,133.0158,島根県
32527,知夫村,市町村,city,32527,36.0150,133.0309,島根県
32528,隠岐の島町,市町村,city,32528,36.2514,133.2793,島根県
33000,岡山県,都道府県,area,33,34.8189,133.8699,岡山県
33100,岡山市,政令市,city_sum,33101-33104,34.6077,133.9910,岡山県
33101,岡山市北区,市町村,city,33101,34.7720,133.8811,岡山県
33102,岡山市中区,市町村,city,33102,34.6610,133.9659,岡山県
33103,岡山市東区,市町村,city,33103,34.6773,134.0501,岡山県
33104,岡山市南区,市町村,city,33104,34.5840,133.9052,岡山県
33202,倉敷市,市町村,city,33202,34.5587,133.7468,岡山県
33203,津山市,市町村,city,33203,35.1386,134.0299,岡山県
33204,玉野市,市町村,city,33204,34.5176,133.9353,岡山県
33205,笠岡市,市町村,city,33205,34.5173,133.5088,岡山県
33207,井原市,市町村,city,33207,34.6503,133.4737,岡山県
33208,総社市,市町村,city,33208,34.7027,133.7022,岡山県
33209,高梁市,市町村,city,33209,34.8172,133.5225,岡山県
33210,新見市,市町村,city,33210,35.0157,133.4490,岡山県
33211,備前市,市町村,city,33211,34.7980,134.2304,岡山県
33212,瀬戸内市,市町村,city,33212,34.6665,134.1373,岡山県
33213,赤磐市,市町村,city,33213,34.8337,134.0395,岡山県
33214,真庭市,市町村,city,33214,35.1355,133.6936,岡山県
33215,美作市,市町村,city,33215,35.0428,134.2299,岡山県
33216,浅口市,市町村,city,33216,34.5361,133.5946,岡山県
33346,和気町,市町村,city,33346,34.8387,134.1379,岡山県
33423,早島町,市町村,city,33423,34.6085,133.8229,岡山県
33445,里庄町,市町村,city,33445,34.5131,133.5568,岡山県
33461,矢掛町,市町村,city,33461,34.6310,133.5898,岡山県
33586,新庄村,市町村,city,33586,35.2032,133.5604,岡山県
33606,鏡野町,市町村,city,33606,35.2061,133.9089,岡山県
33622,勝央町,市町村,city,33622,35.0579,134.1303,岡山県
33623,奈義町,市町村,city,33623,35.1362,134.1845,岡山県
33643,西粟倉村,市町村,city,33643,35.1933,134.3409,岡山県
33663,久米南町,市町村,city,33663,34.9224,133.9578,岡山県
33666,美咲町,市町村,city,33666,34.9836,133.9383,岡山県
33681,吉備中央町,市町村,city,33681,34.8586,133.7510,岡山県
34000,広島県,都道府県,area,34,34.4771,132.6689,広島県
34100,広島市,政令市,city_sum,34101-34108,34.4771,132.6689,広島県
34101,広島市中区,市町村,city,34101,34.3811,132.4491,広島県
34102,広島市東区,市町村,city,34102,34.4285,132.5140,広島県
34103,広島市南区,市町村,city,34103,34.3698,132.4799,広島県
34104,広島市西区,市町村,city,34104,34.3932,132.4162,広島県
34105,広島市安佐南区,市町村,city,34105,34.4688,132.4104,広島県
34106,広島市安佐北区,市町村,city,34106,34.5365,132.5269,広島県
34107,広島市安芸区,市町村,city,34107,34.4073,132.5983,広島県
34108,広島市佐伯区,市町村,city,34108,34.4587,132.2950,広島県
34202,呉市,市町村,city,34202,34.2661,132.6362,広島県
34203,竹原市,市町村,city,34203,34.3686,132.8810,広島県
34204,三原市,市町村,city,34204,34.4587,133.0018,広島県
34205,尾道市,市町村,city,34205,34.4846,133.1621,広島県
34207,福山市,市町村,city,34207,34.5263,133.3360,広島県
34208,府中市,市町村,city,34208,34.6365,133.1751,広島県
34209,三次市,市町村,city,34209,34.7930,132.8660,広島県
34210,庄原市,市町村,city,34210,34.9456,133.0665,広島県
34211,大竹市,市町村,city,34211,34.2624,132.1841,広島県
34212,東広島市,市町村,city,34212,34.4481,132.7609,広島県
34213,廿日市市,市町村,city,34213,34.4061,132.1779,広島県
34214,安芸高田市,市町村,city,34214,34.7030,132.6784,広島県
34215,江田島市,市町村,city,34215,34.2189,132.4485,広島県
34302,府中町,市町村,city,34302,34.3975,132.5174,広島県
34304,海田町,市町村,city,34304,34.3668,132.5529,広島県
34307,熊野町,市町村,city,34307,34.3458,132.5917,広島県
34309,坂町,市町村,city,34309,34.3244,132.5139,広島県
34368,安芸太田町,市町村,city,34368,34.6031,132.2561,広島県
34369,北広島町,市町村,city,34369,34.7071,132.4012,広島県
34431,大崎上島町,市町村,city,34431,34.2378,132.8916,広島県
34462,世羅町,市町村,city,34462,34.6141,133.0168,広島県
34545,神石高原町,市町村,city,34545,34.7554,133.2616,広島県
35000,山口県,都道府県,area,35,34.1178,131.7162,山口県
35201,下関市,市町村,city,35201,34.1718,130.9940,山口県
35202,宇部市,市町村,city,35202,34.0444,131.2753,山口県
35203,山口市,市町村,city,35203,34.2337,131.5763,山口県
35204,萩市,市町村,city,35204,34.4273,131.5153,山口県
35206,防府市,市町村,city,35206,34.0724,131.5706,山口県
35207,下松市,市町村,city,35207,34.0416,131.8912,山口県
35208,岩国市,市町村,city,35208,34.2070,132.0646,山口県
35210,光市,市町村,city,35210,33.9830,131.9771,山口県
35211,長門市,市町村,city,35211,34.3464,131.1431,山口県
35212,柳井市,市町村,city,35212,33.9799,132.1248,山口県
35213,美祢市,市町村,city,35213,34.2095,131.2525,山口県
35215,周南市,市町村,city,35215,34.1512,131.8282,山口県
35216,山陽小野田市,市町村,city,35216,34.0404,131.1576,山口県
35305,周防大島町,市町村,city,35305,33.9140,132.2782,山口県
35321,和木町,市町村,city,35321,34.1956,132.2116,山口県
35341,上関町,市町村,city,35341,33.8224,132.0763,山口県
35343,田布施町,市町村,city,35343,33.9497,132.0284,山口県
35344,平生町,市町村,city,35344,33.9181,132.0889,山口県
35502,阿武町,市町村,city,35502,34.5308,131.5531,山口県
36000,徳島県,都道府県,area,36,33.9842,134.3689,徳島県
36201,徳島市,市町村,city,36201,34.0496,134.5238,徳島県
36202,鳴門市,市町村,city,36202,34.1835,134.5412,徳島県
36203,小松島市,市町村,city,36203,33.9842,134.5956,徳島県
36204,阿南市,市町村,city,36204,33.8774,134.6046,徳島県
36205,吉野川市,市町村,city,36205,34.0371,134.2835,徳島県
36206,阿波市,市町村,city,36206,34.1218,134.2890,徳島県
36207,美馬市,市町村,city,36207,34.0189,134.1433,徳島県
36208,三好市,市町村,city,36208,33.9247,133.8456,徳島県
36301,勝浦町,市町村,city,36301,33.9286,134.4896,徳島県
36302,上勝町,市町村,city,36302,33.9002,134.3833,徳島県
36321,佐那河内村,市町村,city,36321,33.9825,134.4525,徳島県
36341,石井町,市町村,city,36341,34.0780,134.4336,徳島県
36342,神山町,市町村,city,36342,33.9770,134.3371,徳島県
36368,那賀町,市町村,city,36368,33.8001,134.2629,徳島県
36383,牟岐町,市町村,city,36383,33.6888,134.4146,徳島県
36387,美波町,市町村,city,36387,33.7531,134.5118,徳島県
36388,海陽町,市町村,city,36388,33.6459,134.2731,徳島県
36401,松茂町,市町村,city,36401,34.1351,134.5929,徳島県
36402,北島町,市町村,city,36402,34.1274,134.5500,徳島県
36403,藍住町,市町村,city,36403,34.1266,134.4944,徳島県
36404,板野町,市町村,city,36404,34.1526,134.4524,徳島県
36405,上板町,市町村,city,36405,34.1308,134.4061,徳島県
36468,つるぎ町,市町村,city,36468,33.9625,134.0537,徳島県
36489,東みよし町,市町村,city,36489,34.0356,133.9179,徳島県
37000,香川県,都道府県,area,37,34.2703,133.9665,香川県
37201,高松市,市町村,city,37201,34.2673,134.0541,香川県
37202,丸亀市,市町村,city,37202,34.2569,133.8409,香川県
37203,坂出市,市町村,city,37203,34.3211,133.8944,香川県
37204,善通寺市,市町村,city,37204,34.2242,133.7778,香川県
37205,観音寺市,市町村,city,37205,34.0788,133.6763,香川県
37206,さぬき市,市町村,city,37206,34.2663,134.2131,香川県
37207,東かがわ市,市町村,city,37207,34.2119,134.3331,香川県
37208,三豊市,市町村,city,37208,34.1600,133.7266,香川県
37322,土庄町,市町村,city,37322,34.5146,134.2314,香川県
37324,小豆島町,市町村,city,37324,34.4908,134.2937,香川県
37341,三木町,市町村,city,37341,34.2334,134.1382,香川県
37364,直島町,市町村,city,37364,34.4592,133.9854,香川県
37386,宇多津町,市町村,city,37386,34.3067,133.8265,香川県
37387,綾川町,市町村,city,37387,34.2100,133.9624,香川県
37403,琴平町,市町村,city,37403,34.1955,133.8181,香川県
37404,多度津町,市町村,city,37404,34.2577,133.7455,香川県
37406,まんのう町,市町村,city,37406,34.1412,133.9124,香川県
38000,愛媛県,都道府県,area,38,33.6257,132.8119,愛媛県
38201,松山市,市町村,city,38201,33.8740,132.8126,愛媛県
38202,今治市,市町村,city,38202,34.0149,132.9482,愛媛県
38203,宇和島市,市町村,city,38203,33.1770,132.5603,愛媛県
38204,八幡浜市,市町村,city,38204,33.4730,132.4325,愛媛県
38205,新居浜市,市町村,city,38205,33.8998,133.3294,愛媛県
38206,西条市,市町村,city,38206,33.8613,133.1122,愛媛県
38207,大洲市,市町村,city,38207,33.5199,132.5984,愛媛県
38210,伊予市,市町村,city,38210,33.6817,132.6894,愛媛県
38213,四国中央市,市町村,city,38213,33.9356,133.5362,愛媛県
38214,西予市,市町村,city,38214,33.3941,132.6328,愛媛県
38215,東温市,市町村,city,38215,33.8037,132.9267,愛媛県
38356,上島町,市町村,city,38356,34.2602,133.1471,愛媛県
38386,久万高原町,市町村,city,38386,33.6356,132.9850,愛媛県
38401,松前町,市町村,city,38401,33.7918,132.7256,愛媛県
38402,砥部町,市町村,city,38402,33.6950,132.7892,愛媛県
38422,内子町,市町村,city,38422,33.5696,132.7571,愛媛県
38442,伊方町,市町村,city,38442,33.4338,132.2123,愛媛県
38484,松野町,市町村,city,38484,33.2053,132.7117,愛媛県
38488,鬼北町,市町村,city,38488,33.2999,132.7495,愛媛県
38506,愛南町,市町村,city,38506,32.9889,132.5824,愛媛県
39000,高知県,都道府県,area,39,33.4391,133.4621,高知県
39201,高知市,市町村,city,39201,33.5803,133.5082,高知県
39202,室戸市,市町村,city,39202,33.3835,134.1483,高知県
39203,安芸市,市町村,city,39203,33.5880,133.9543,高知県
39204,南国市,市町村,city,39204,33.6098,133.6253,高知県
39205,土佐市,市町村,city,39205,33.4771,133.3878,高知県
39206,須崎市,市町村,city,39206,33.4119,133.3038,高知県
39208,宿毛市,市町村,city,39208,32.9714,132.7428,高知県
39209,土佐清水市,市町村,city,39209,32.8270,132.8955,高知県
39210,四万十市,市町村,city,39210,33.0815,132.8522,高知県
39211,香南市,市町村,city,39211,33.5835,133.7801,高知県
39212,香美市,市町村,city,39212,33.7081,133.8532,高知県
39301,東洋町,市町村,city,39301,33.5179,134.2406,高知県
39302,奈半利町,市町村,city,39302,33.4204,134.0564,高知県
39303,田野町,市町村,city,39303,33.4389,134.0126,高知県
39304,安田町,市町村,city,39304,33.4878,134.0071,高知県
39305,北川村,市町村,city,39305,33.5174,134.1185,高知県
39306,馬路村,市町村,city,39306,33.6228,134.0897,高知県
39307,芸西村,市町村,city,39307,33.5486,133.8272,高知県
39341,本山町,市町村,city,39341,33.7919,133.5816,高知県
39344,大豊町,市町村,city,39344,33.7916,133.7205,高知県
39363,土佐町,市町村,city,39363,33.7336,133.4824,高知県
39364,大川村,市町村,city,39364,33.8007,133.4129,高知県
39386,いの町,市町村,city,39386,33.6808,133.3121,高知県
39387,仁淀川町,市町村,city,39387,33.5824,133.1308,高知県
39401,中土佐町,市町村,city,39401,33.3392,133.1670,高知県
39402,佐川町,市町村,city,39402,33.4973,133.2739,高知県
39403,越知町,市町村,city,39403,33.5430,133.2218,高知県
39405,梼原町,市町村,city,39405,33.3957,132.9255,高知県
39410,日高村,市町村,city,39410,33.5390,133.3543,高知県
39411,津野町,市町村,city,39411,33.4232,133.0851,高知県
39412,四万十町,市町村,city,39412,33.2336,133.0204,高知県
39424,大月町,市町村,city,39424,32.8149,132.7093,高知県
39427,三原村,市町村,city,39427,32.9025,132.8515,高知県
39428,黒潮町,市町村,city,39428,33.0841,133.0594,高知県
40000,福岡県,都道府県,area,40,33.5899,130.6576,福岡県
40100,北九州市,政令市,city_sum,40101-40109,33.8681,130.8378,福岡県
40101,北九州市門司区,市町村,city,40101,33.9078,130.9710,福岡県
40103,北九州市若松区,市町村,city,40103,33.9116,130.7444,福岡県
40105,北九州市戸畑区,市町村,city,40105,33.9011,130.8348,福岡県
40106,北九州市小倉北区,市町村,city,40106,33.8760,130.8776,福岡県
40107,北九州市小倉南区,市町村,city,40107,33.7984,130.8809,福岡県
40108,北九州市八幡東区,市町村,city,40108,33.8498,130.8089,福岡県
40109,北九州市八幡西区,市町村,city,40109,33.8320,130.7473,福岡県
40130,福岡市,政令市,city_sum,40131-40137,33.5604,130.6385,福岡県
40131,福岡市東区,市町村,city,40131,33.6544,130.4303,福岡県
40132,福岡市博多区,市町村,city,40132,33.5800,130.4433,福岡県
40133,福岡市中央区,市町村,city,40133,33.5840,130.3863,福岡県
40134,福岡市南区,市町村,city,40134,33.5416,130.4100,福岡県
40135,福岡市西区,市町村,city,40135,33.5799,130.2697,福岡県
40136,福岡市城南区,市町村,city,40136,33.5488,130.3704,福岡県
40137,福岡市早良区,市町村,city,40137,33.4962,130.3409,福岡県
40202,大牟田市,市町村,city,40202,33.0461,130.4690,福岡県
40203,久留米市,市町村,city,40203,33.3054,130.5671,福岡県
40204,直方市,市町村,city,40204,33.7512,130.7459,福岡県
40205,飯塚市,市町村,city,40205,33.6135,130.6610,福岡県
40206,田川市,市町村,city,40206,33.6316,130.7996,福岡県
40207,柳川市,市町村,city,40207,33.1482,130.4096,福岡県
40210,八女市,市町村,city,40210,33.1988,130.7020,福岡県
40211,筑後市,市町村,city,40211,33.2075,130.4912,福岡県
40212,大川市,市町村,city,40212,33.2058,130.3818,福岡県
40213,行橋市,市町村,city,40213,33.7138,130.9711,福岡県
40214,豊前市,市町村,city,40214,33.5686,131.0776,福岡県
40215,中間市,市町村,city,40215,33.8205,130.7066,福岡県
40216,小郡市,市町村,city,40216,33.4003,130.5644,福岡県
40217,筑紫野市,市町村,city,40217,33.4851,130.5439,福岡県
40218,春日市,市町村,city,40218,33.5240,130.4564,福岡県
40219,大野城市,市町村,city,40219,33.5130,130.4792,福岡県
40220,宗像市,市町村,city,40220,33.8127,130.5570,福岡県
40221,太宰府市,市町村,city,40221,33.5202,130.5252,福岡県
40223,古賀市,市町村,city,40223,33.7214,130.4994,福岡県
40224,福津市,市町村,city,40224,33.7800,130.4977,福岡県
40225,うきは市,市町村,city,40225,33.3118,130.7932,福岡県
40226,宮若市,市町村,city,40226,33.7156,130.6150,福岡県
40227,嘉麻市,市町村,city,40227,33.5366,130.7403,福岡県
40228,朝倉市,市町村,city,40228,33.4168,130.7417,福岡県
40229,みやま市,市町村,city,40229,33.1260,130.4962,福岡県
40230,糸島市,市町村,city,40230,33.5332,130.1809,福岡県
40231,那珂川市,市町村,city,40231,33.4648,130.4221,福岡県
40341,宇美町,市町村,city,40341,33.5629,130.5369,福岡県
40342,篠栗町,市町村,city,40342,33.6246,130.5472,福岡県
40343,志免町,市町村,city,40343,33.5876,130.4763,福岡県
40344,須恵町,市町村,city,40344,33.5924,130.5187,福岡県
40345,新宮町,市町村,city,40345,33.6979,130.4634,福岡県
40348,久山町,市町村,city,40348,33.6668,130.5167,福岡県
40349,粕屋町,市町村,city,40349,33.6158,130.4745,福岡県
40381,芦屋町,市町村,city,40381,33.8913,130.6630,福岡県
40382,水巻町,市町村,city,40382,33.8557,130.6939,福岡県
40383,岡垣町,市町村,city,40383,33.8542,130.6046,福岡県
40384,遠賀町,市町村,city,40384,33.8458,130.6626,福岡県
40401,小竹町,市町村,city,40401,33.7049,130.7044,福岡県
40402,鞍手町,市町村,city,40402,33.7842,130.6697,福岡県
40421,桂川町,市町村,city,40421,33.5745,130.6796,福岡県
40447,筑前町,市町村,city,40447,33.4609,130.6192,福岡県
40448,東峰村,市町村,city,40448,33.4371,130.8492,福岡県
40503,大刀洗町,市町村,city,40503,33.3809,130.6150,福岡県
40522,大木町,市町村,city,40522,33.2126,130.4408,福岡県
40544,広川町,市町村,city,40544,33.2522,130.5726,福岡県
40601,香春町,市町村,city,40601,33.6847,130.8548,福岡県
40602,添田町,市町村,city,40602,33.5140,130.8790,福岡県
40604,糸田町,市町村,city,40604,33.6555,130.7726,福岡県
40605,川崎町,市町村,city,40605,33.5705,130.8146,福岡県
40608,大任町,市町村,city,40608,33.6122,130.8518,福岡県
40609,赤村,市町村,city,40609,33.6066,130.8879,福岡県
40610,福智町,市町村,city,40610,33.7014,130.7863,福岡県
40621,苅田町,市町村,city,40621,33.7698,130.9667,福岡県
40625,みやこ町,市町村,city,40625,33.6295,130.9360,福岡県
40642,吉富町,市町村,city,40642,33.6055,131.1705,福岡県
40646,上毛町,市町村,city,40646,33.5415,131.1400,福岡県
40647,築上町,市町村,city,40647,33.6084,131.0158,福岡県
40801,羽島,市町村,city,40801,33.8278,131.0086,福岡県
41000,佐賀県,都道府県,area,41,33.2701,130.1741,佐賀県
41201,佐賀市,市町村,city,41201,33.3250,130.2650,佐賀県
41202,唐津市,市町村,city,41202,33.4128,130.0025,佐賀県
41203,鳥栖市,市町村,city,41203,33.3788,130.4917,佐賀県
41204,多久市,市町村,city,41204,33.2763,130.1053,佐賀県
41205,伊万里市,市町村,city,41205,33.3018,129.8877,佐賀県
41206,武雄市,市町村,city,41206,33.2016,129.9977,佐賀県
41207,鹿島市,市町村,city,41207,33.0593,130.0940,佐賀県
41208,小城市,市町村,city,41208,33.2789,130.1966,佐賀県
41209,嬉野市,市町村,city,41209,33.0949,130.0153,佐賀県
41210,神埼市,市町村,city,41210,33.3475,130.3515,佐賀県
41327,吉野ヶ里町,市町村,city,41327,33.3636,130.3965,佐賀県
41341,基山町,市町村,city,41341,33.4260,130.5095,佐賀県
41345,上峰町,市町村,city,41345,33.3383,130.4219,佐賀県
41346,みやき町,市町村,city,41346,33.3246,130.4446,佐賀県
41387,玄海町,市町村,city,41387,33.4769,129.8677,佐賀県
41401,有田町,市町村,city,41401,33.1993,129.8649,佐賀県
41423,大町町,市町村,city,41423,33.2175,130.1150,佐賀県
41424,江北町,市町村,city,41424,33.2191,130.1574,佐賀県
41425,白石町,市町村,city,41425,33.1649,130.1463,佐賀県
41441,太良町,市町村,city,41441,32.9952,130.1511,佐賀県
42000,長崎県,都道府県,area,42,33.0945,129.7329,長崎県
42201,長崎市,市町村,city,42201,32.7839,129.8282,長崎県
42202,佐世保市,市町村,city,42202,33.2104,129.7180,長崎県
42203,島原市,市町村,city,42203,32.7944,130.3292,長崎県
42204,諫早市,市町村,city,42204,32.8693,130.0697,長崎県
42205,大村市,市町村,city,42205,32.9403,129.9946,長崎県
42207,平戸市,市町村,city,42207,33.2845,129.4648,長崎県
42208,松浦市,市町村,city,42208,33.3325,129.7157,長崎県
42209,対馬市,市町村,city,42209,34.5210,129.3705,長崎県
42210,壱岐市,市町村,city,42210,33.7859,129.7182,長崎県
42211,五島市,市町村,city,42211,32.6841,128.7457,長崎県
42212,西海市,市町村,city,42212,32.9900,129.7078,長崎県
42213,雲仙市,市町村,city,42213,32.7862,130.2266,長崎県
42214,南島原市,市町村,city,42214,32.6757,130.2571,長崎県
42307,長与町,市町村,city,42307,32.8305,129.8842,長崎県
42308,時津町,市町村,city,42308,32.8380,129.8302,長崎県
42321,東彼杵町,市町村,city,42321,33.0342,129.9574,長崎県
42322,川棚町,市町村,city,42322,33.0817,129.8702,長崎県
42323,波佐見町,市町村,city,42323,33.1324,129.8991,長崎県
42383,小値賀町,市町村,city,42383,33.2010,129.0618,長崎県
42391,佐々町,市町村,city,42391,33.2446,129.6564,長崎県
42411,新上五島町,市町村,city,42411,32.9650,129.0844,長崎県
43000,熊本県,都道府県,area,43,32.6650,130.7565,熊本県
43100,熊本市,政令市,city_sum,43101-43105,32.6650,130.7565,熊本県
43101,熊本市中央区,市町村,city,43101,32.7993,130.7225,熊本県
43102,熊本市東区,市町村,city,43102,32.8043,130.7757,熊本県
43103,熊本市西区,市町村,city,43103,32.8108,130.6426,熊本県
43104,熊本市南区,市町村,city,43104,32.7258,130.6913,熊本県
43105,熊本市北区,市町村,city,43105,32.8906,130.6988,熊本県
43202,八代市,市町村,city,43202,32.4906,130.7504,熊本県
43203,人吉市,市町村,city,43203,32.1637,130.7496,熊本県
43204,荒尾市,市町村,city,43204,32.9761,130.4755,熊本県
43205,水俣市,市町村,city,43205,32.1705,130.4622,熊本県
43206,玉名市,市町村,city,43206,32.9155,130.5602,熊本県
43208,山鹿市,市町村,city,43208,33.0559,130.7231,熊本県
43210,菊池市,市町村,city,43210,32.9911,130.8552,熊本県
43211,宇土市,市町村,city,43211,32.6808,130.6131,熊本県
43212,上天草市,市町村,city,43212,32.4599,130.3960,熊本県
43213,宇城市,市町村,city,43213,32.6279,130.6610,熊本県
43214,阿蘇市,市町村,city,43214,32.9561,131.0946,熊本県
43215,天草市,市町村,city,43215,32.3705,130.0999,熊本県
43216,合志市,市町村,city,43216,32.8931,130.7687,熊本県
43348,美里町,市町村,city,43348,32.6136,130.8715,熊本県
43364,玉東町,市町村,city,43364,32.9017,130.6291,熊本県
43367,南関町,市町村,city,43367,33.0352,130.5501,熊本県
43368,長洲町,市町村,city,43368,32.9285,130.4681,熊本県
43369,和水町,市町村,city,43369,33.0412,130.6141,熊本県
43403,大津町,市町村,city,43403,32.8958,130.9051,熊本県
43404,菊陽町,市町村,city,43404,32.8592,130.8237,熊本県
43423,南小国町,市町村,city,43423,33.0680,131.0905,熊本県
43424,小国町,市町村,city,43424,33.1426,131.0711,熊本県
43425,産山村,市町村,city,43425,33.0107,131.2053,熊本県
43428,高森町,市町村,city,43428,32.8405,131.2030,熊本県
43432,西原村,市町村,city,43432,32.8223,130.9314,熊本県
43433,南阿蘇村,市町村,city,43433,32.8441,131.0373,熊本県
43441,御船町,市町村,city,43441,32.7306,130.8575,熊本県
43442,嘉島町,市町村,city,43442,32.7460,130.7556,熊本県
43443,益城町,市町村,city,43443,32.7875,130.8340,熊本県
43444,甲佐町,市町村,city,43444,32.6720,130.8170,熊本県
43447,山都町,市町村,city,43447,32.6991,131.0492,熊本県
43468,氷川町,市町村,city,43468,32.5751,130.6759,熊本県
43482,芦北町,市町村,city,43482,32.2916,130.5413,熊本県
43484,津奈木町,市町村,city,43484,32.2415,130.4604,熊本県
43501,錦町,市町村,city,43501,32.1824,130.8491,熊本県
43505,多良木町,市町村,city,43505,32.2435,130.9925,熊本県
43506,湯前町,市町村,city,43506,32.2715,131.0115,熊本県
43507,水上村,市町村,city,43507,32.3652,131.0170,熊本県
43510,相良村,市町村,city,43510,32.3028,130.8295,熊本県
43511,五木村,市町村,city,43511,32.4201,130.8401,熊本県
43512,山江村,市町村,city,43512,32.3149,130.7568,熊本県
43513,球磨村,市町村,city,43513,32.2609,130.6509,熊本県
43514,あさぎり町,市町村,city,43514,32.2088,130.9190,熊本県
43531,苓北町,市町村,city,43531,32.4859,130.0717,熊本県
44000,大分県,都道府県,area,44,33.2788,131.4651,大分県
44201,大分市,市町村,city,44201,33.1794,131.6400,大分県
44202,別府市,市町村,city,44202,33.2858,131.4529,大分県
44203,中津市,市町村,city,44203,33.4648,131.1266,大分県
44204,日田市,市町村,city,44204,33.2445,130.9506,大分県
44205,佐伯市,市町村,city,44205,32.8854,131.7741,大分県
44206,臼杵市,市町村,city,44206,33.0722,131.7445,大分県
44207,津久見市,市町村,city,44207,33.0689,131.8642,大分県
44208,竹田市,市町村,city,44208,32.9977,131.3272,大分県
44209,豊後高田市,市町村,city,44209,33.5757,131.5069,大分県
44210,杵築市,市町村,city,44210,33.4473,131.5368,大分県
44211,宇佐市,市町村,city,44211,33.4500,131.3366,大分県
44212,豊後大野市,市町村,city,44212,32.9725,131.5121,大分県
44213,由布市,市町村,city,44213,33.2086,131.3842,大分県
44214,国東市,市町村,city,44214,33.5643,131.6506,大分県
44322,姫島村,市町村,city,44322,33.7280,131.6637,大分県
44341,日出町,市町村,city,44341,33.3763,131.5275,大分県
44461,九重町,市町村,city,44461,33.1924,131.2126,大分県
44462,玖珠町,市町村,city,44462,33.3044,131.1614,大分県
45000,宮崎県,都道府県,area,45,32.1950,131.3050,宮崎県
45201,宮崎市,市町村,city,45201,31.8921,131.3584,宮崎県
45202,都城市,市町村,city,45202,31.8092,131.0790,宮崎県
45203,延岡市,市町村,city,45203,32.6724,131.6424,宮崎県
45204,日南市,市町村,city,45204,31.6505,131.3306,宮崎県
45205,小林市,市町村,city,45205,32.0341,131.0402,宮崎県
45206,日向市,市町村,city,45206,32.3771,131.5230,宮崎県
45207,串間市,市町村,city,45207,31.4858,131.2645,宮崎県
45208,西都市,市町村,city,45208,32.1729,131.3154,宮崎県
45209,えびの市,市町村,city,45209,32.0463,130.8389,宮崎県
45341,三股町,市町村,city,45341,31.7311,131.1770,宮崎県
45361,高原町,市町村,city,45361,31.9228,130.9977,宮崎県
45382,国富町,市町村,city,45382,32.0390,131.2877,宮崎県
45383,綾町,市町村,city,45383,32.0317,131.2085,宮崎県
45401,高鍋町,市町村,city,45401,32.1315,131.5025,宮崎県
45402,新富町,市町村,city,45402,32.0820,131.4661,宮崎県
45403,西米良村,市町村,city,45403,32.2261,131.1592,宮崎県
45404,木城町,市町村,city,45404,32.2446,131.3979,宮崎県
45405,川南町,市町村,city,45405,32.2094,131.5037,宮崎県
45406,都農町,市町村,city,45406,32.2785,131.5075,宮崎県
45421,門川町,市町村,city,45421,32.4915,131.5916,宮崎県
45429,諸塚村,市町村,city,45429,32.5582,131.3061,宮崎県
45430,椎葉村,市町村,city,45430,32.4617,131.1430,宮崎県
45431,美郷町,市町村,city,45431,32.4400,131.3712,宮崎県
45441,高千穂町,市町村,city,45441,32.7468,131.3146,宮崎県
45442,日之影町,市町村,city,45442,32.6916,131.4136,宮崎県
45443,五ヶ瀬町,市町村,city,45443,32.6437,131.1899,宮崎県
46000,鹿児島県,都道府県,area,46,30.4613,130.1663,鹿児島県
46201,鹿児島市,市町村,city,46201,31.5778,130.5063,鹿児島県
46203,鹿屋市,市町村,city,46203,31.4267,130.8674,鹿児島県
46204,枕崎市,市町村,city,46204,31.2902,130.3109,鹿児島県
46206,阿久根市,市町村,city,46206,32.0164,130.2334,鹿児島県
46208,出水市,市町村,city,46208,32.0634,130.3640,鹿児島県
46210,指宿市,市町村,city,46210,31.2301,130.5827,鹿児島県
46213,西之表市,市町村,city,46213,30.7035,131.0225,鹿児島県
46214,垂水市,市町村,city,46214,31.5118,130.7630,鹿児島県
46215,薩摩川内市,市町村,city,46215,31.8382,130.3580,鹿児島県
46216,日置市,市町村,city,46216,31.5993,130.3821,鹿児島県
46217,曽於市,市町村,city,46217,31.6562,130.9747,鹿児島県
46218,霧島市,市町村,city,46218,31.8056,130.7818,鹿児島県
46219,いちき串木野市,市町村,city,46219,31.7328,130.2889,鹿児島県
46220,南さつま市,市町村,city,46220,31.3911,130.2791,鹿児島県
46221,志布志市,市町村,city,46221,31.5316,131.0926,鹿児島県
46222,奄美市,市町村,city,46222,28.3169,129.4572,鹿児島県
46223,南九州市,市町村,city,46223,31.3404,130.4368,鹿児島県
46224,伊佐市,市町村,city,46224,32.0584,130.6010,鹿児島県
46225,姶良市,市町村,city,46225,31.7811,130.5961,鹿児島県
46303,三島村,市町村,city,46303,30.8307,129.9343,鹿児島県
46304,十島村,市町村,city,46304,29.8489,129.8712,鹿児島県
46392,さつま町,市町村,city,46392,31.9375,130.4760,鹿児島県
46404,長島町,市町村,city,46404,32.1640,130.1509,鹿児島県
46452,湧水町,市町村,city,46452,31.9688,130.7286,鹿児島県
46468,大崎町,市町村,city,46468,31.4642,130.9745,鹿児島県
46482,東串良町,市町村,city,46482,31.3836,130.9864,鹿児島県
46490,錦江町,市町村,city,46490,31.2169,130.8582,鹿児島県
46491,南大隅町,市町村,city,46491,31.1221,130.7737,鹿児島県
46492,肝付町,市町村,city,46492,31.2649,130.9913,鹿児島県
46501,中種子町,市町村,city,46501,30.5376,130.9595,鹿児島県
46502,南種子町,市町村,city,46502,30.4125,130.9088,鹿児島県
46505,屋久島町,市町村,city,46505,30.3392,130.5221,鹿児島県
46523,大和村,市町村,city,46523,28.3300,129.3570,鹿児島県
46524,宇検村,市町村,city,46524,28.2706,129.2782,鹿児島県
46525,瀬戸内町,市町村,city,46525,28.1969,129.3163,鹿児島県
46527,龍郷町,市町村,city,46527,28.4101,129.5803,鹿児島県
46529,喜界町,市町村,city,46529,28.3229,129.9725,鹿児島県
46530,徳之島町,市町村,city,46530,27.7945,128.9736,鹿児島県
46531,天城町,市町村,city,46531,27.8021,128.9226,鹿児島県
46532,伊仙町,市町村,city,46532,27.7039,128.9417,鹿児島県
46533,和泊町,市町村,city,46533,27.3999,128.6392,鹿児島県
46534,知名町,市町村,city,46534,27.3651,128.5657,鹿児島県
46535,与論町,市町村,city,46535,27.0428,128.4308,鹿児島県
46801,鷹島（甑島南方）,市町村,city,46801,31.4489,129.7330,鹿児島県
46802,津倉瀬（宇治群島北東方）,市町村,city,46802,31.3085,129.7402,鹿児島県
47000,沖縄県,都道府県,area,47,26.1687,127.4987,沖縄県
47201,那覇市,市町村,city,47201,26.2104,127.6844,沖縄県
47205,宜野湾市,市町村,city,47205,26.2745,127.7559,沖縄県
47207,石垣市,市町村,city,47207,24.4329,124.2054,沖縄県
47208,浦添市,市町村,city,47208,26.2512,127.7156,沖縄県
47209,名護市,市町村,city,47209,26.5820,128.0250,沖縄県
47210,糸満市,市町村,city,47210,26.1181,127.6867,沖縄県
47211,沖縄市,市町村,city,47211,26.3527,127.8074,沖縄県
47212,豊見城市,市町村,city,47212,26.1749,127.6809,沖縄県
47213,うるま市,市町村,city,47213,26.3754,127.8497,沖縄県
47214,宮古島市,市町村,city,47214,24.7734,125.3329,沖縄県
47215,南城市,市町村,city,47215,26.1640,127.7755,沖縄県
47301,国頭村,市町村,city,47301,26.7617,128.2547,沖縄県
47302,大宜味村,市町村,city,47302,26.6715,128.1388,沖縄県
47303,東村,市町村,city,47303,26.6486,128.1897,沖縄県
47306,今帰仁村,市町村,city,47306,26.6779,127.9626,沖縄県
47308,本部町,市町村,city,47308,26.6594,127.9125,沖縄県
47311,恩納村,市町村,city,47311,26.4759,127.8527,沖縄県
47313,宜野座村,市町村,city,47313,26.4948,127.9665,沖縄県
47314,金武町,市町村,city,47314,26.4652,127.9018,沖縄県
47315,伊江村,市町村,city,47315,26.7218,127.7895,沖縄県
47324,読谷村,市町村,city,47324,26.4000,127.7463,沖縄県
47325,嘉手納町,市町村,city,47325,26.3644,127.7672,沖縄県
47326,北谷町,市町村,city,47326,26.3214,127.7645,沖縄県
47327,北中城村,市町村,city,47327,26.3033,127.7973,沖縄県
47328,中城村,市町村,city,47328,26.2635,127.7877,沖縄県
47329,西原町,市町村,city,47329,26.2294,127.7593,沖縄県
47348,与那原町,市町村,city,47348,26.2021,127.7582,沖縄県
47350,南風原町,市町村,city,47350,26.1942,127.7287,沖縄県
47353,渡嘉敷村,市町村,city,47353,26.1901,127.3565,沖縄県
47354,座間味村,市町村,city,47354,26.2346,127.3074,沖縄県
47355,粟国村,市町村,city,47355,26.5877,127.2293,沖縄県
47356,渡名喜村,市町村,city,47356,26.3647,127.1469,沖縄県
47357,南大東村,市町村,city,47357,25.8432,131.2428,沖縄県
47358,北大東村,市町村,city,47358,25.9446,131.3071,沖縄県
47359,伊平屋村,市町村,city,47359,27.0500,127.9734,沖縄県
47360,伊是名村,市町村,city,47360,26.9336,127.9367,沖縄県
47361,久米島町,市町村,city,47361,26.3499,126.7733,沖縄県
47362,八重瀬町,市町村,city,47362,26.1385,127.7266,沖縄県
47375,多良間村,市町村,city,47375,24.6571,124.6992,沖縄県
47381,竹富町,市町村,city,47381,24.3360,123.8147,沖縄県
47382,与那国町,市町村,city,47382,24.4554,122.9890,沖縄県
47801,うるま市・金武町境界部地先の埋立地,市町村,city,47801,26.4344,127.8434,沖縄県
